,location,locationId,url
0,New York,60763,https://www.tripadvisor.com/Tourism-g60763-New_York_City_New_York-Vacations.html
1,Los Angeles,32655,https://www.tripadvisor.com/Tourism-g32655-Los_Angeles_California-Vacations.html
2,Chicago,35805,https://www.tripadvisor.com/Tourism-g35805-Chicago_Illinois-Vacations.html
3,Houston,56003,https://www.tripadvisor.com/Tourism-g56003-Houston_Texas-Vacations.html
4,Phoenix,31310,https://www.tripadvisor.com/Tourism-g31310-Phoenix_Arizona-Vacations.html
5,Philadelphia,60795,https://www.tripadvisor.com/Tourism-g60795-Philadelphia_Pennsylvania-Vacations.html
6,San Antonio,60956,https://www.tripadvisor.com/Tourism-g60956-San_Antonio_Texas-Vacations.html
7,San Diego,60750,https://www.tripadvisor.com/Tourism-g60750-San_Diego_California-Vacations.html
8,Dallas,55711,https://www.tripadvisor.com/Tourism-g55711-Dallas_Texas-Vacations.html
9,San Jose,33020,https://www.tripadvisor.com/Tourism-g33020-San_Jose_California-Vacations.html
10,Austin,30196,https://www.tripadvisor.com/Tourism-g30196-Austin_Texas-Vacations.html
11,Jacksonville,60805,https://www.tripadvisor.com/Tourism-g60805-Jacksonville_Florida-Vacations.html
12,Fort Worth,55857,https://www.tripadvisor.com/Tourism-g55857-Fort_Worth_Texas-Vacations.html
13,Columbus,50226,https://www.tripadvisor.com/Tourism-g50226-Columbus_Ohio-Vacations.html
14,Charlotte,49022,https://www.tripadvisor.com/Tourism-g49022-Charlotte_North_Carolina-Vacations.html
15,San Francisco,60713,https://www.tripadvisor.com/Tourism-g60713-San_Francisco_California-Vacations.html
16,Indianapolis,37209,https://www.tripadvisor.com/Tourism-g37209-Indianapolis_Indiana-Vacations.html
17,Seattle,60878,https://www.tripadvisor.com/Tourism-g60878-Seattle_Washington-Vacations.html
18,Denver,33388,https://www.tripadvisor.com/Tourism-g33388-Denver_Colorado-Vacations.html
19,Washington,28968,https://www.tripadvisor.com/Tourism-g28968-Washington-Vacations.html
20,Washington,53922,https://www.tripadvisor.com/Tourism-g53922-Washington_Pennsylvania-Vacations.html
21,Washington,49644,https://www.tripadvisor.com/Tourism-g49644-Washington_North_Carolina-Vacations.html
22,Washington,56848,https://www.tripadvisor.com/Tourism-g56848-Washington_Texas-Vacations.html
23,Washington,45019,https://www.tripadvisor.com/Tourism-g45019-Washington_Missouri-Vacations.html
24,Washington,57161,https://www.tripadvisor.com/Tourism-g57161-Washington_Utah-Vacations.html
25,Washington,33961,https://www.tripadvisor.com/Tourism-g33961-Washington_Connecticut-Vacations.html
26,Boston,60745,https://www.tripadvisor.com/Tourism-g60745-Boston_Massachusetts-Vacations.html
27,El Paso,60768,https://www.tripadvisor.com/Tourism-g60768-El_Paso_Texas-Vacations.html
28,Nashville,55229,https://www.tripadvisor.com/Tourism-g55229-Nashville_Davidson_County_Tennessee-Vacations.html
29,Detroit,42139,https://www.tripadvisor.com/Tourism-g42139-Detroit_Michigan-Vacations.html
30,Oklahoma City,51560,https://www.tripadvisor.com/Tourism-g51560-Oklahoma_City_Oklahoma-Vacations.html
31,Portland,52024,https://www.tripadvisor.com/Tourism-g52024-Portland_Oregon-Vacations.html
32,Portland,40827,https://www.tripadvisor.com/Tourism-g40827-Portland_Maine-Vacations.html
33,Las Vegas,45963,https://www.tripadvisor.com/Tourism-g45963-Las_Vegas_Nevada-Vacations.html
34,Memphis,55197,https://www.tripadvisor.com/Tourism-g55197-Memphis_Tennessee-Vacations.html
35,Louisville,39604,https://www.tripadvisor.com/Tourism-g39604-Louisville_Kentucky-Vacations.html
36,Baltimore,60811,https://www.tripadvisor.com/Tourism-g60811-Baltimore_Maryland-Vacations.html
37,Milwaukee,60097,https://www.tripadvisor.com/Tourism-g60097-Milwaukee_Wisconsin-Vacations.html
38,Albuquerque,60933,https://www.tripadvisor.com/Tourism-g60933-Albuquerque_New_Mexico-Vacations.html
39,Tucson,60950,https://www.tripadvisor.com/Tourism-g60950-Tucson_Arizona-Vacations.html
40,Fresno,32414,https://www.tripadvisor.com/Tourism-g32414-Fresno_California-Vacations.html
41,Mesa,31281,https://www.tripadvisor.com/Tourism-g31281-Mesa_Arizona-Vacations.html
42,Sacramento,32999,https://www.tripadvisor.com/Tourism-g32999-Sacramento_California-Vacations.html
43,Atlanta,60898,https://www.tripadvisor.com/Tourism-g60898-Atlanta_Georgia-Vacations.html
44,Kansas City,44535,https://www.tripadvisor.com/Tourism-g44535-Kansas_City_Missouri-Vacations.html
45,Colorado Springs,33364,https://www.tripadvisor.com/Tourism-g33364-Colorado_Springs_El_Paso_County_Colorado-Vacations.html
46,Omaha,60885,https://www.tripadvisor.com/Tourism-g60885-Omaha_Nebraska-Vacations.html
47,Raleigh,49463,https://www.tripadvisor.com/Tourism-g49463-Raleigh_North_Carolina-Vacations.html
48,Miami,34438,https://www.tripadvisor.com/Tourism-g34438-Miami_Florida-Vacations.html
49,Long Beach,32648,https://www.tripadvisor.com/Tourism-g32648-Long_Beach_California-Vacations.html
50,Virginia Beach,58277,https://www.tripadvisor.com/Tourism-g58277-Virginia_Beach_Virginia-Vacations.html
51,Oakland,32810,https://www.tripadvisor.com/Tourism-g32810-Oakland_California-Vacations.html
52,Minneapolis,43323,https://www.tripadvisor.com/Tourism-g43323-Minneapolis_Minnesota-Vacations.html
53,Tulsa,51697,https://www.tripadvisor.com/Tourism-g51697-Tulsa_Oklahoma-Vacations.html
54,Tampa,34678,https://www.tripadvisor.com/Tourism-g34678-Tampa_Florida-Vacations.html
55,Arlington,30242,https://www.tripadvisor.com/Tourism-g30242-Arlington_Virginia-Vacations.html
56,Arlington,30183,https://www.tripadvisor.com/Tourism-g30183-Arlington_Texas-Vacations.html
57,New Orleans,60864,https://www.tripadvisor.com/Tourism-g60864-New_Orleans_Louisiana-Vacations.html
58,Wichita,39143,https://www.tripadvisor.com/Tourism-g39143-Wichita_Kansas-Vacations.html
59,Bakersfield,32037,https://www.tripadvisor.com/Tourism-g32037-Bakersfield_California-Vacations.html
60,Cleveland,50207,https://www.tripadvisor.com/Tourism-g50207-Cleveland_Ohio-Vacations.html
61,Aurora,29144,https://www.tripadvisor.com/Tourism-g29144-Aurora_Colorado-Vacations.html
62,Aurora,29297,https://www.tripadvisor.com/Tourism-g29297-Aurora_Illinois-Vacations.html
63,Anaheim,29092,https://www.tripadvisor.com/Tourism-g29092-Anaheim_California-Vacations.html
64,Honolulu,60982,https://www.tripadvisor.com/Tourism-g60982-Honolulu_Oahu_Hawaii-Vacations.html
65,Santa Ana,33043,https://www.tripadvisor.com/Tourism-g33043-Santa_Ana_California-Vacations.html
66,Riverside,32978,https://www.tripadvisor.com/Tourism-g32978-Riverside_California-Vacations.html
67,Corpus Christi,60927,https://www.tripadvisor.com/Tourism-g60927-Corpus_Christi_Texas-Vacations.html
68,Lexington,39588,https://www.tripadvisor.com/Tourism-g39588-Lexington_Kentucky-Vacations.html
69,Henderson,45953,https://www.tripadvisor.com/Tourism-g45953-Henderson_Nevada-Vacations.html
70,Stockton,33130,https://www.tripadvisor.com/Tourism-g33130-Stockton_California-Vacations.html
71,Saint Paul,43501,https://www.tripadvisor.com/Tourism-g43501-Saint_Paul_Minnesota-Vacations.html
72,Cincinnati,60993,https://www.tripadvisor.com/Tourism-g60993-Cincinnati_Ohio-Vacations.html
73,St. Louis,44881,https://www.tripadvisor.com/Tourism-g44881-Saint_Louis_Missouri-Vacations.html
74,Pittsburgh,53449,https://www.tripadvisor.com/Tourism-g53449-Pittsburgh_Pennsylvania-Vacations.html
75,Greensboro,60845,https://www.tripadvisor.com/Tourism-g60845-Greensboro_North_Carolina-Vacations.html
76,Lincoln,46140,https://www.tripadvisor.com/Tourism-g46140-Lincoln_New_Hampshire-Vacations.html
77,Lincoln,45667,https://www.tripadvisor.com/Tourism-g45667-Lincoln_Nebraska-Vacations.html
78,Anchorage,60880,https://www.tripadvisor.com/Tourism-g60880-Anchorage_Alaska-Vacations.html
79,Plano,56463,https://www.tripadvisor.com/Tourism-g56463-Plano_Texas-Vacations.html
80,Orlando,34515,https://www.tripadvisor.com/Tourism-g34515-Orlando_Florida-Vacations.html
81,Irvine,32530,https://www.tripadvisor.com/Tourism-g32530-Irvine_California-Vacations.html
82,Newark,46671,https://www.tripadvisor.com/Tourism-g46671-Newark_New_Jersey-Vacations.html
83,Durham,49092,https://www.tripadvisor.com/Tourism-g49092-Durham_North_Carolina-Vacations.html
84,Chula Vista,32210,https://www.tripadvisor.com/Tourism-g32210-Chula_Vista_California-Vacations.html
85,Toledo,51048,https://www.tripadvisor.com/Tourism-g51048-Toledo_Ohio-Vacations.html
86,Fort Wayne,37114,https://www.tripadvisor.com/Tourism-g37114-Fort_Wayne_Indiana-Vacations.html
87,St. Petersburg,34607,https://www.tripadvisor.com/Tourism-g34607-St_Petersburg_Florida-Vacations.html
88,Laredo,56137,https://www.tripadvisor.com/Tourism-g56137-Laredo_Texas-Vacations.html
89,Jersey City,46531,https://www.tripadvisor.com/Tourism-g46531-Jersey_City_New_Jersey-Vacations.html
90,Chandler,31190,https://www.tripadvisor.com/Tourism-g31190-Chandler_Arizona-Vacations.html
91,Madison,60859,https://www.tripadvisor.com/Tourism-g60859-Madison_Wisconsin-Vacations.html
92,Lubbock,56208,https://www.tripadvisor.com/Tourism-g56208-Lubbock_Texas-Vacations.html
93,Scottsdale,31350,https://www.tripadvisor.com/Tourism-g31350-Scottsdale_Arizona-Vacations.html
94,Reno,45992,https://www.tripadvisor.com/Tourism-g45992-Reno_Nevada-Vacations.html
95,Buffalo,60974,https://www.tripadvisor.com/Tourism-g60974-Buffalo_New_York-Vacations.html
96,Gilbert,31230,https://www.tripadvisor.com/Tourism-g31230-Gilbert_Arizona-Vacations.html
97,Glendale,31231,https://www.tripadvisor.com/Tourism-g31231-Glendale_Arizona-Vacations.html
98,Glendale,32431,https://www.tripadvisor.com/Tourism-g32431-Glendale_California-Vacations.html
99,North Las Vegas,45963,https://www.tripadvisor.com/Tourism-g45963-Las_Vegas_Nevada-Vacations.html
100,Chesapeake,57597,https://www.tripadvisor.com/Tourism-g57597-Chesapeake_Virginia-Vacations.html
101,Norfolk,58026,https://www.tripadvisor.com/Tourism-g58026-Norfolk_Virginia-Vacations.html
102,Fremont,32411,https://www.tripadvisor.com/Tourism-g32411-Fremont_California-Vacations.html
103,Garland,55884,https://www.tripadvisor.com/Tourism-g55884-Garland_Texas-Vacations.html
104,Irving,56032,https://www.tripadvisor.com/Tourism-g56032-Irving_Texas-Vacations.html
105,Hialeah,34284,https://www.tripadvisor.com/Tourism-g34284-Hialeah_Florida-Vacations.html
106,Richmond,60893,https://www.tripadvisor.com/Tourism-g60893-Richmond_Virginia-Vacations.html
107,Boise,35394,https://www.tripadvisor.com/Tourism-g35394-Boise_Idaho-Vacations.html
108,Spokane,58759,https://www.tripadvisor.com/Tourism-g58759-Spokane_Washington-Vacations.html
109,Baton Rouge,40024,https://www.tripadvisor.com/Tourism-g40024-Baton_Rouge_Louisiana-Vacations.html
110,Tacoma,58775,https://www.tripadvisor.com/Tourism-g58775-Tacoma_Washington-Vacations.html
111,San Bernardino,33009,https://www.tripadvisor.com/Tourism-g33009-San_Bernardino_California-Vacations.html
112,Modesto,32724,https://www.tripadvisor.com/Tourism-g32724-Modesto_California-Vacations.html
113,Fontana,32390,https://www.tripadvisor.com/Tourism-g32390-Fontana_California-Vacations.html
114,Fontana,59885,https://www.tripadvisor.com/Tourism-g59885-Fontana_Wisconsin-Vacations.html
115,Des Moines,37835,https://www.tripadvisor.com/Tourism-g37835-Des_Moines_Iowa-Vacations.html
116,Moreno Valley,32743,https://www.tripadvisor.com/Tourism-g32743-Moreno_Valley_California-Vacations.html
117,Santa Clarita,33047,https://www.tripadvisor.com/Tourism-g33047-Santa_Clarita_California-Vacations.html
118,Fayetteville,49136,https://www.tripadvisor.com/Tourism-g49136-Fayetteville_North_Carolina-Vacations.html
119,Fayetteville,31589,https://www.tripadvisor.com/Tourism-g31589-Fayetteville_Arkansas-Vacations.html
120,Birmingham,30375,https://www.tripadvisor.com/Tourism-g30375-Birmingham_Alabama-Vacations.html
121,Oxnard,32837,https://www.tripadvisor.com/Tourism-g32837-Oxnard_California-Vacations.html
122,Rochester,48503,https://www.tripadvisor.com/Tourism-g48503-Rochester_Finger_Lakes_New_York-Vacations.html
123,Rochester,43466,https://www.tripadvisor.com/Tourism-g43466-Rochester_Minnesota-Vacations.html
124,Port St. Lucie,34580,https://www.tripadvisor.com/Tourism-g34580-Port_Saint_Lucie_Florida-Vacations.html
125,Grand Rapids,42256,https://www.tripadvisor.com/Tourism-g42256-Grand_Rapids_Kent_County_Michigan-Vacations.html
126,Huntsville,30620,https://www.tripadvisor.com/Tourism-g30620-Huntsville_Alabama-Vacations.html
127,Salt Lake City,60922,https://www.tripadvisor.com/Tourism-g60922-Salt_Lake_City_Utah-Vacations.html
128,Frisco,55870,https://www.tripadvisor.com/Tourism-g55870-Frisco_Texas-Vacations.html
129,Frisco,33433,https://www.tripadvisor.com/Tourism-g33433-Frisco_Colorado-Vacations.html
130,Yonkers,48922,https://www.tripadvisor.com/Tourism-g48922-Yonkers_New_York-Vacations.html
131,Amarillo,30165,https://www.tripadvisor.com/Tourism-g30165-Amarillo_Texas-Vacations.html
132,Glendale,31231,https://www.tripadvisor.com/Tourism-g31231-Glendale_Arizona-Vacations.html
133,Glendale,32431,https://www.tripadvisor.com/Tourism-g32431-Glendale_California-Vacations.html
134,Huntington Beach,32513,https://www.tripadvisor.com/Tourism-g32513-Huntington_Beach_California-Vacations.html
135,McKinney,56260,https://www.tripadvisor.com/Tourism-g56260-McKinney_Texas-Vacations.html
136,Montgomery,30712,https://www.tripadvisor.com/Tourism-g30712-Montgomery_Alabama-Vacations.html
137,Augusta,29212,https://www.tripadvisor.com/Tourism-g29212-Augusta_Georgia-Vacations.html
138,Aurora,29144,https://www.tripadvisor.com/Tourism-g29144-Aurora_Colorado-Vacations.html
139,Aurora,29297,https://www.tripadvisor.com/Tourism-g29297-Aurora_Illinois-Vacations.html
140,Akron,29912,https://www.tripadvisor.com/Tourism-g29912-Akron_Ohio-Vacations.html
141,Little Rock,60766,https://www.tripadvisor.com/Tourism-g60766-Little_Rock_Arkansas-Vacations.html
142,Tempe,31377,https://www.tripadvisor.com/Tourism-g31377-Tempe_Arizona-Vacations.html
143,Columbus,50226,https://www.tripadvisor.com/Tourism-g50226-Columbus_Ohio-Vacations.html
144,Overland Park,38969,https://www.tripadvisor.com/Tourism-g38969-Overland_Park_Kansas-Vacations.html
145,Grand Prairie,55922,https://www.tripadvisor.com/Tourism-g55922-Grand_Prairie_Texas-Vacations.html
146,Tallahassee,34675,https://www.tripadvisor.com/Tourism-g34675-Tallahassee_Florida-Vacations.html
147,Cape Coral,34118,https://www.tripadvisor.com/Tourism-g34118-Cape_Coral_Florida-Vacations.html
148,Mobile,30709,https://www.tripadvisor.com/Tourism-g30709-Mobile_Alabama-Vacations.html
149,Knoxville,55138,https://www.tripadvisor.com/Tourism-g55138-Knoxville_Tennessee-Vacations.html
150,Shreveport,40424,https://www.tripadvisor.com/Tourism-g40424-Shreveport_Louisiana-Vacations.html
151,Worcester,41952,https://www.tripadvisor.com/Tourism-g41952-Worcester_Massachusetts-Vacations.html
152,Ontario,32823,https://www.tripadvisor.com/Tourism-g32823-Ontario_California-Vacations.html
153,Vancouver,60820,https://www.tripadvisor.com/Tourism-g60820-Vancouver_Washington-Vacations.html
154,Sioux Falls,54805,https://www.tripadvisor.com/Tourism-g54805-Sioux_Falls_South_Dakota-Vacations.html
155,Chattanooga,54946,https://www.tripadvisor.com/Tourism-g54946-Chattanooga_Tennessee-Vacations.html
156,Brownsville,60928,https://www.tripadvisor.com/Tourism-g60928-Brownsville_Texas-Vacations.html
157,Brownsville,57200,https://www.tripadvisor.com/Tourism-g57200-Brownsville_Vermont-Vacations.html
158,Fort Lauderdale,34227,https://www.tripadvisor.com/Tourism-g34227-Fort_Lauderdale_Broward_County_Florida-Vacations.html
159,Providence,60946,https://www.tripadvisor.com/Tourism-g60946-Providence_Rhode_Island-Vacations.html
160,Newport News,58019,https://www.tripadvisor.com/Tourism-g58019-Newport_News_Virginia-Vacations.html
161,Rancho Cucamonga,32940,https://www.tripadvisor.com/Tourism-g32940-Rancho_Cucamonga_California-Vacations.html
162,Santa Rosa,33055,https://www.tripadvisor.com/Tourism-g33055-Santa_Rosa_Sonoma_County_California-Vacations.html
163,Santa Rosa,34617,https://www.tripadvisor.com/Tourism-g34617-Santa_Rosa_Beach_Florida-Vacations.html
164,Peoria,36538,https://www.tripadvisor.com/Tourism-g36538-Peoria_Illinois-Vacations.html
165,Peoria,31308,https://www.tripadvisor.com/Tourism-g31308-Peoria_Arizona-Vacations.html
166,Oceanside,32815,https://www.tripadvisor.com/Tourism-g32815-Oceanside_California-Vacations.html
167,Elk Grove,35945,https://www.tripadvisor.com/Tourism-g35945-Elk_Grove_Village_Illinois-Vacations.html
168,Elk Grove,32349,https://www.tripadvisor.com/Tourism-g32349-Elk_Grove_California-Vacations.html
169,Salem,60954,https://www.tripadvisor.com/Tourism-g60954-Salem_Massachusetts-Vacations.html
170,Salem,52053,https://www.tripadvisor.com/Tourism-g52053-Salem_Oregon-Vacations.html
171,Pembroke Pines,34548,https://www.tripadvisor.com/Tourism-g34548-Pembroke_Pines_Broward_County_Florida-Vacations.html
172,Eugene,51862,https://www.tripadvisor.com/Tourism-g51862-Eugene_Oregon-Vacations.html
173,Garden Grove,32420,https://www.tripadvisor.com/Tourism-g32420-Garden_Grove_California-Vacations.html
174,Cary,49007,https://www.tripadvisor.com/Tourism-g49007-Cary_North_Carolina-Vacations.html
175,Fort Collins,33423,https://www.tripadvisor.com/Tourism-g33423-Fort_Collins_Colorado-Vacations.html
176,Corona,32248,https://www.tripadvisor.com/Tourism-g32248-Corona_California-Vacations.html
177,Corona,47542,https://www.tripadvisor.com/Tourism-g47542-Corona_Queens_New_York-Vacations.html
178,Springfield,44926,https://www.tripadvisor.com/Tourism-g44926-Springfield_Missouri-Vacations.html
179,Springfield,60887,https://www.tripadvisor.com/Tourism-g60887-Springfield_Illinois-Vacations.html
180,Jackson,60491,https://www.tripadvisor.com/Tourism-g60491-Jackson_Jackson_Hole_Wyoming-Vacations.html
181,Jackson,43833,https://www.tripadvisor.com/Tourism-g43833-Jackson_Mississippi-Vacations.html
182,Hayward,59952,https://www.tripadvisor.com/Tourism-g59952-Hayward_Wisconsin-Vacations.html
183,Hayward,32480,https://www.tripadvisor.com/Tourism-g32480-Hayward_California-Vacations.html
184,Clarksville,54955,https://www.tripadvisor.com/Tourism-g54955-Clarksville_Tennessee-Vacations.html
185,Lakewood,33514,https://www.tripadvisor.com/Tourism-g33514-Lakewood_Colorado-Vacations.html
186,Lakewood,50532,https://www.tripadvisor.com/Tourism-g50532-Lakewood_Ohio-Vacations.html
187,Lancaster,52970,https://www.tripadvisor.com/Tourism-g52970-Lancaster_Lancaster_County_Pennsylvania-Vacations.html
188,Salinas,33002,https://www.tripadvisor.com/Tourism-g33002-Salinas_California-Vacations.html
189,Palmdale,32848,https://www.tripadvisor.com/Tourism-g32848-Palmdale_California-Vacations.html
190,Hollywood,34296,https://www.tripadvisor.com/Tourism-g34296-Hollywood_Broward_County_Florida-Vacations.html
191,Springfield,44926,https://www.tripadvisor.com/Tourism-g44926-Springfield_Missouri-Vacations.html
192,Springfield,60887,https://www.tripadvisor.com/Tourism-g60887-Springfield_Illinois-Vacations.html
193,Sunnyvale,33146,https://www.tripadvisor.com/Tourism-g33146-Sunnyvale_California-Vacations.html
194,Pomona,32911,https://www.tripadvisor.com/Tourism-g32911-Pomona_California-Vacations.html
195,Killeen,56082,https://www.tripadvisor.com/Tourism-g56082-Killeen_Texas-Vacations.html
196,Escondido,32358,https://www.tripadvisor.com/Tourism-g32358-Escondido_California-Vacations.html
197,Pasadena,32859,https://www.tripadvisor.com/Tourism-g32859-Pasadena_California-Vacations.html
198,Naperville,36422,https://www.tripadvisor.com/Tourism-g36422-Naperville_DuPage_County_Illinois-Vacations.html
199,Bellevue,58349,https://www.tripadvisor.com/Tourism-g58349-Bellevue_Washington-Vacations.html
200,Joliet,36185,https://www.tripadvisor.com/Tourism-g36185-Joliet_Illinois-Vacations.html
201,Murfreesboro,60970,https://www.tripadvisor.com/Tourism-g60970-Murfreesboro_Tennessee-Vacations.html
202,Midland,56287,https://www.tripadvisor.com/Tourism-g56287-Midland_Texas-Vacations.html
203,Midland,42469,https://www.tripadvisor.com/Tourism-g42469-Midland_Michigan-Vacations.html
204,Rockford,36619,https://www.tripadvisor.com/Tourism-g36619-Rockford_Illinois-Vacations.html
205,Paterson,46718,https://www.tripadvisor.com/Tourism-g46718-Paterson_New_Jersey-Vacations.html
206,Savannah,60814,https://www.tripadvisor.com/Tourism-g60814-Savannah_Georgia-Vacations.html
207,Bridgeport,33726,https://www.tripadvisor.com/Tourism-g33726-Bridgeport_Connecticut-Vacations.html
208,Bridgeport,32110,https://www.tripadvisor.com/Tourism-g32110-Bridgeport_California-Vacations.html
209,Bridgeport,58908,https://www.tripadvisor.com/Tourism-g58908-Bridgeport_West_Virginia-Vacations.html
210,Torrance,33182,https://www.tripadvisor.com/Tourism-g33182-Torrance_California-Vacations.html
211,McAllen,56255,https://www.tripadvisor.com/Tourism-g56255-McAllen_Texas-Vacations.html
212,Syracuse,48713,https://www.tripadvisor.com/Tourism-g48713-Syracuse_Finger_Lakes_New_York-Vacations.html
213,Surprise,31373,https://www.tripadvisor.com/Tourism-g31373-Surprise_Arizona-Vacations.html
214,Denton,55732,https://www.tripadvisor.com/Tourism-g55732-Denton_Texas-Vacations.html
215,Roseville,32988,https://www.tripadvisor.com/Tourism-g32988-Roseville_Placer_County_California-Vacations.html
216,Roseville,43477,https://www.tripadvisor.com/Tourism-g43477-Roseville_Minnesota-Vacations.html
217,Thornton,33668,https://www.tripadvisor.com/Tourism-g33668-Thornton_Colorado-Vacations.html
218,Thornton,1016316,https://www.tripadvisor.com/Tourism-g1016316-Thornton_New_Hampshire-Vacations.html
219,Miramar,34454,https://www.tripadvisor.com/Tourism-g34454-Miramar_Broward_County_Florida-Vacations.html
220,Pasadena,32859,https://www.tripadvisor.com/Tourism-g32859-Pasadena_California-Vacations.html
221,Mesquite,45973,https://www.tripadvisor.com/Tourism-g45973-Mesquite_Nevada-Vacations.html
222,Mesquite,56280,https://www.tripadvisor.com/Tourism-g56280-Mesquite_Texas-Vacations.html
223,Olathe,38954,https://www.tripadvisor.com/Tourism-g38954-Olathe_Kansas-Vacations.html
224,Dayton,60785,https://www.tripadvisor.com/Tourism-g60785-Dayton_Ohio-Vacations.html
225,Carrollton,55588,https://www.tripadvisor.com/Tourism-g55588-Carrollton_Texas-Vacations.html
226,Carrollton,34820,https://www.tripadvisor.com/Tourism-g34820-Carrollton_Georgia-Vacations.html
227,Waco,56833,https://www.tripadvisor.com/Tourism-g56833-Waco_Texas-Vacations.html
228,Orange,32825,https://www.tripadvisor.com/Tourism-g32825-Orange_California-Vacations.html
229,Orange,58048,https://www.tripadvisor.com/Tourism-g58048-Orange_Virginia-Vacations.html
230,Orange,56398,https://www.tripadvisor.com/Tourism-g56398-Orange_Texas-Vacations.html
231,Fullerton,32416,https://www.tripadvisor.com/Tourism-g32416-Fullerton_California-Vacations.html
232,Charleston,54171,https://www.tripadvisor.com/Tourism-g54171-Charleston_South_Carolina-Vacations.html
233,West Valley City,57168,https://www.tripadvisor.com/Tourism-g57168-West_Valley_City_Utah-Vacations.html
234,Visalia,33230,https://www.tripadvisor.com/Tourism-g33230-Visalia_California-Vacations.html
235,Gainesville,34242,https://www.tripadvisor.com/Tourism-g34242-Gainesville_Florida-Vacations.html
236,Warren,57436,https://www.tripadvisor.com/Tourism-g57436-Warren_Vermont-Vacations.html
237,Warren,42794,https://www.tripadvisor.com/Tourism-g42794-Warren_Michigan-Vacations.html
238,Coral Springs,34153,https://www.tripadvisor.com/Tourism-g34153-Coral_Springs_Broward_County_Florida-Vacations.html
239,Cedar Rapids,37743,https://www.tripadvisor.com/Tourism-g37743-Cedar_Rapids_Iowa-Vacations.html
240,Round Rock,56584,https://www.tripadvisor.com/Tourism-g56584-Round_Rock_Texas-Vacations.html
241,Sterling Heights,42736,https://www.tripadvisor.com/Tourism-g42736-Sterling_Heights_Michigan-Vacations.html
242,Kent,58537,https://www.tripadvisor.com/Tourism-g58537-Kent_Washington-Vacations.html
243,Kent,33812,https://www.tripadvisor.com/Tourism-g33812-Kent_Connecticut-Vacations.html
244,Kent,50499,https://www.tripadvisor.com/Tourism-g50499-Kent_Ohio-Vacations.html
245,Columbia,54184,https://www.tripadvisor.com/Tourism-g54184-Columbia_South_Carolina-Vacations.html
246,Columbia,44257,https://www.tripadvisor.com/Tourism-g44257-Columbia_Missouri-Vacations.html
247,Santa Clara,33046,https://www.tripadvisor.com/Tourism-g33046-Santa_Clara_California-Vacations.html
248,New Haven,33851,https://www.tripadvisor.com/Tourism-g33851-New_Haven_Connecticut-Vacations.html
249,Stamford,33936,https://www.tripadvisor.com/Tourism-g33936-Stamford_Connecticut-Vacations.html
250,Concord,49049,https://www.tripadvisor.com/Tourism-g49049-Concord_North_Carolina-Vacations.html
251,Concord,46052,https://www.tripadvisor.com/Tourism-g46052-Concord_New_Hampshire-Vacations.html
252,Elizabeth,46414,https://www.tripadvisor.com/Tourism-g46414-Elizabeth_New_Jersey-Vacations.html
253,Thousand Oaks,60959,https://www.tripadvisor.com/Tourism-g60959-Thousand_Oaks_California-Vacations.html
254,Simi Valley,33093,https://www.tripadvisor.com/Tourism-g33093-Simi_Valley_California-Vacations.html
255,Topeka,60747,https://www.tripadvisor.com/Tourism-g60747-Topeka_Kansas-Vacations.html
256,Norman,51547,https://www.tripadvisor.com/Tourism-g51547-Norman_Oklahoma-Vacations.html
257,Fargo,49785,https://www.tripadvisor.com/Tourism-g49785-Fargo_North_Dakota-Vacations.html
258,Wilmington,49673,https://www.tripadvisor.com/Tourism-g49673-Wilmington_North_Carolina-Vacations.html
259,Wilmington,34059,https://www.tripadvisor.com/Tourism-g34059-Wilmington_Delaware-Vacations.html
260,Abilene,30138,https://www.tripadvisor.com/Tourism-g30138-Abilene_Texas-Vacations.html
261,Odessa,56385,https://www.tripadvisor.com/Tourism-g56385-Odessa_Texas-Vacations.html
262,Columbia,54184,https://www.tripadvisor.com/Tourism-g54184-Columbia_South_Carolina-Vacations.html
263,Columbia,44257,https://www.tripadvisor.com/Tourism-g44257-Columbia_Missouri-Vacations.html
264,Pearland,56432,https://www.tripadvisor.com/Tourism-g56432-Pearland_Texas-Vacations.html
265,Victorville,33224,https://www.tripadvisor.com/Tourism-g33224-Victorville_California-Vacations.html
266,Hartford,33804,https://www.tripadvisor.com/Tourism-g33804-Hartford_Connecticut-Vacations.html
267,Vallejo,33212,https://www.tripadvisor.com/Tourism-g33212-Vallejo_California-Vacations.html
268,Allentown,30029,https://www.tripadvisor.com/Tourism-g30029-Allentown_Pennsylvania-Vacations.html
269,Berkeley,32066,https://www.tripadvisor.com/Tourism-g32066-Berkeley_California-Vacations.html
270,Richardson,56538,https://www.tripadvisor.com/Tourism-g56538-Richardson_Texas-Vacations.html
271,Arvada,29140,https://www.tripadvisor.com/Tourism-g29140-Arvada_Colorado-Vacations.html
272,Ann Arbor,29556,https://www.tripadvisor.com/Tourism-g29556-Ann_Arbor_Michigan-Vacations.html
273,Rochester,48503,https://www.tripadvisor.com/Tourism-g48503-Rochester_Finger_Lakes_New_York-Vacations.html
274,Rochester,43466,https://www.tripadvisor.com/Tourism-g43466-Rochester_Minnesota-Vacations.html
275,Cambridge,60890,https://www.tripadvisor.com/Tourism-g60890-Cambridge_Massachusetts-Vacations.html
276,Sugar Land,56723,https://www.tripadvisor.com/Tourism-g56723-Sugar_Land_Texas-Vacations.html
277,Lansing,42391,https://www.tripadvisor.com/Tourism-g42391-Lansing_Ingham_County_Michigan-Vacations.html
278,Evansville,37093,https://www.tripadvisor.com/Tourism-g37093-Evansville_Indiana-Vacations.html
279,College Station,55649,https://www.tripadvisor.com/Tourism-g55649-College_Station_Texas-Vacations.html
280,Fairfield,32367,https://www.tripadvisor.com/Tourism-g32367-Fairfield_California-Vacations.html
281,Fairfield,33780,https://www.tripadvisor.com/Tourism-g33780-Fairfield_Connecticut-Vacations.html
282,Clearwater,34141,https://www.tripadvisor.com/Tourism-g34141-Clearwater_Florida-Vacations.html
283,Beaumont,60737,https://www.tripadvisor.com/Tourism-g60737-Beaumont_Texas-Vacations.html
284,Independence,60849,https://www.tripadvisor.com/Tourism-g60849-Independence_Missouri-Vacations.html
285,Independence,50470,https://www.tripadvisor.com/Tourism-g50470-Independence_Ohio-Vacations.html
286,Provo,57106,https://www.tripadvisor.com/Tourism-g57106-Provo_Utah-Vacations.html
287,West Jordan,57166,https://www.tripadvisor.com/Tourism-g57166-West_Jordan_Utah-Vacations.html
288,Murrieta,32764,https://www.tripadvisor.com/Tourism-g32764-Murrieta_California-Vacations.html
289,Palm Bay,34528,https://www.tripadvisor.com/Tourism-g34528-Palm_Bay_Brevard_County_Florida-Vacations.html
290,El Monte,32338,https://www.tripadvisor.com/Tourism-g32338-El_Monte_California-Vacations.html
291,El Monte,33112,https://www.tripadvisor.com/Tourism-g33112-South_El_Monte_California-Vacations.html
292,Carlsbad,32171,https://www.tripadvisor.com/Tourism-g32171-Carlsbad_California-Vacations.html
293,North Charleston,54370,https://www.tripadvisor.com/Tourism-g54370-North_Charleston_South_Carolina-Vacations.html
294,Temecula,33165,https://www.tripadvisor.com/Tourism-g33165-Temecula_California-Vacations.html
295,Clovis,32225,https://www.tripadvisor.com/Tourism-g32225-Clovis_California-Vacations.html
296,Clovis,46990,https://www.tripadvisor.com/Tourism-g46990-Clovis_New_Mexico-Vacations.html
297,Springfield,44926,https://www.tripadvisor.com/Tourism-g44926-Springfield_Missouri-Vacations.html
298,Springfield,60887,https://www.tripadvisor.com/Tourism-g60887-Springfield_Illinois-Vacations.html
299,Meridian,43893,https://www.tripadvisor.com/Tourism-g43893-Meridian_Mississippi-Vacations.html
300,Meridian,35531,https://www.tripadvisor.com/Tourism-g35531-Meridian_Idaho-Vacations.html
301,Westminster,33691,https://www.tripadvisor.com/Tourism-g33691-Westminster_Colorado-Vacations.html
302,Westminster,33260,https://www.tripadvisor.com/Tourism-g33260-Westminster_California-Vacations.html
303,Westminster,41431,https://www.tripadvisor.com/Tourism-g41431-Westminster_Maryland-Vacations.html
304,Costa Mesa,32253,https://www.tripadvisor.com/Tourism-g32253-Costa_Mesa_California-Vacations.html
305,High Point,49212,https://www.tripadvisor.com/Tourism-g49212-High_Point_North_Carolina-Vacations.html
306,Manchester,57312,https://www.tripadvisor.com/Tourism-g57312-Manchester_Vermont-Vacations.html
307,Manchester,46152,https://www.tripadvisor.com/Tourism-g46152-Manchester_New_Hampshire-Vacations.html
308,Pueblo,33608,https://www.tripadvisor.com/Tourism-g33608-Pueblo_Colorado-Vacations.html
309,Lakeland,34373,https://www.tripadvisor.com/Tourism-g34373-Lakeland_Florida-Vacations.html
310,Pompano Beach,34571,https://www.tripadvisor.com/Tourism-g34571-Pompano_Beach_Broward_County_Florida-Vacations.html
311,West Palm Beach,34731,https://www.tripadvisor.com/Tourism-g34731-West_Palm_Beach_Florida-Vacations.html
312,Antioch,30125,https://www.tripadvisor.com/Tourism-g30125-Antioch_Tennessee-Vacations.html
313,Antioch,29099,https://www.tripadvisor.com/Tourism-g29099-Antioch_California-Vacations.html
314,Antioch,29270,https://www.tripadvisor.com/Tourism-g29270-Antioch_Lake_County_Illinois-Vacations.html
315,Everett,58466,https://www.tripadvisor.com/Tourism-g58466-Everett_Washington-Vacations.html
316,Everett,41562,https://www.tripadvisor.com/Tourism-g41562-Everett_Massachusetts-Vacations.html
317,Downey,32308,https://www.tripadvisor.com/Tourism-g32308-Downey_California-Vacations.html
318,Lowell,60891,https://www.tripadvisor.com/Tourism-g60891-Lowell_Massachusetts-Vacations.html
319,Centennial,609128,https://www.tripadvisor.com/Tourism-g609128-Centennial_Colorado-Vacations.html
320,Centennial,60438,https://www.tripadvisor.com/Tourism-g60438-Centennial_Wyoming-Vacations.html
321,Elgin,35942,https://www.tripadvisor.com/Tourism-g35942-Elgin_Illinois-Vacations.html
322,Richmond,60893,https://www.tripadvisor.com/Tourism-g60893-Richmond_Virginia-Vacations.html
323,Peoria,36538,https://www.tripadvisor.com/Tourism-g36538-Peoria_Illinois-Vacations.html
324,Peoria,31308,https://www.tripadvisor.com/Tourism-g31308-Peoria_Arizona-Vacations.html
325,Broken Arrow,51224,https://www.tripadvisor.com/Tourism-g51224-Broken_Arrow_Oklahoma-Vacations.html
326,Billings,45086,https://www.tripadvisor.com/Tourism-g45086-Billings_Montana-Vacations.html
327,Jurupa Valley,8068161,https://www.tripadvisor.com/Tourism-g8068161-Jurupa_Valley_California-Vacations.html
328,Sandy Springs,35244,https://www.tripadvisor.com/Tourism-g35244-Sandy_Springs_Georgia-Vacations.html
329,Gresham,51893,https://www.tripadvisor.com/Tourism-g51893-Gresham_Oregon-Vacations.html
330,Lewisville,56161,https://www.tripadvisor.com/Tourism-g56161-Lewisville_Texas-Vacations.html
331,Hillsboro,51907,https://www.tripadvisor.com/Tourism-g51907-Hillsboro_Oregon-Vacations.html
332,Hillsboro,55991,https://www.tripadvisor.com/Tourism-g55991-Hillsboro_Texas-Vacations.html
333,Greeley,33454,https://www.tripadvisor.com/Tourism-g33454-Greeley_Colorado-Vacations.html
334,Inglewood,32525,https://www.tripadvisor.com/Tourism-g32525-Inglewood_California-Vacations.html
335,Waterbury,57438,https://www.tripadvisor.com/Tourism-g57438-Waterbury_Vermont-Vacations.html
336,Waterbury,33963,https://www.tripadvisor.com/Tourism-g33963-Waterbury_Connecticut-Vacations.html
337,League City,56144,https://www.tripadvisor.com/Tourism-g56144-League_City_Texas-Vacations.html
338,Santa Maria,33051,https://www.tripadvisor.com/Tourism-g33051-Santa_Maria_California-Vacations.html
339,Tyler,56797,https://www.tripadvisor.com/Tourism-g56797-Tyler_Texas-Vacations.html
340,Daly City,32278,https://www.tripadvisor.com/Tourism-g32278-Daly_City_California-Vacations.html
341,Boulder,33324,https://www.tripadvisor.com/Tourism-g33324-Boulder_Colorado-Vacations.html
342,Allen,30155,https://www.tripadvisor.com/Tourism-g30155-Allen_Texas-Vacations.html
343,West Covina,33250,https://www.tripadvisor.com/Tourism-g33250-West_Covina_California-Vacations.html
344,Sparks,46002,https://www.tripadvisor.com/Tourism-g46002-Sparks_Nevada-Vacations.html
345,Wichita Falls,56891,https://www.tripadvisor.com/Tourism-g56891-Wichita_Falls_Texas-Vacations.html
346,Green Bay,59929,https://www.tripadvisor.com/Tourism-g59929-Green_Bay_Wisconsin-Vacations.html
347,San Mateo,33031,https://www.tripadvisor.com/Tourism-g33031-San_Mateo_California-Vacations.html
348,Norwalk,33871,https://www.tripadvisor.com/Tourism-g33871-Norwalk_Connecticut-Vacations.html
349,Norwalk,32796,https://www.tripadvisor.com/Tourism-g32796-Norwalk_California-Vacations.html
350,Rialto,32962,https://www.tripadvisor.com/Tourism-g32962-Rialto_California-Vacations.html
351,Las Cruces,47087,https://www.tripadvisor.com/Tourism-g47087-Las_Cruces_New_Mexico-Vacations.html
352,Chico,32201,https://www.tripadvisor.com/Tourism-g32201-Chico_California-Vacations.html
353,El Cajon,32331,https://www.tripadvisor.com/Tourism-g32331-El_Cajon_California-Vacations.html
354,Burbank,32123,https://www.tripadvisor.com/Tourism-g32123-Burbank_California-Vacations.html
355,South Bend,37535,https://www.tripadvisor.com/Tourism-g37535-South_Bend_Indiana-Vacations.html
356,Renton,58704,https://www.tripadvisor.com/Tourism-g58704-Renton_Washington-Vacations.html
357,Vista,33231,https://www.tripadvisor.com/Tourism-g33231-Vista_California-Vacations.html
358,Davenport,34169,https://www.tripadvisor.com/Tourism-g34169-Davenport_Florida-Vacations.html
359,Davenport,37816,https://www.tripadvisor.com/Tourism-g37816-Davenport_Iowa-Vacations.html
360,Edinburg,55786,https://www.tripadvisor.com/Tourism-g55786-Edinburg_Texas-Vacations.html
361,Tuscaloosa,30889,https://www.tripadvisor.com/Tourism-g30889-Tuscaloosa_Alabama-Vacations.html
362,Carmel,32172,https://www.tripadvisor.com/Tourism-g32172-Carmel_Monterey_County_California-Vacations.html
363,Spokane Valley,1784998,https://www.tripadvisor.com/Tourism-g1784998-Spokane_Valley_Washington-Vacations.html
364,San Angelo,56609,https://www.tripadvisor.com/Tourism-g56609-San_Angelo_Texas-Vacations.html
365,Vacaville,33208,https://www.tripadvisor.com/Tourism-g33208-Vacaville_California-Vacations.html
366,Bend,51766,https://www.tripadvisor.com/Tourism-g51766-Bend_Central_Oregon_Oregon-Vacations.html
0,Tokyo,298184,https://www.tripadvisor.com/Tourism-g298184-Tokyo_Tokyo_Prefecture_Kanto-Vacations.html
1,Delhi,40105,https://www.tripadvisor.com/Tourism-g40105-Delhi_Louisiana-Vacations.html
2,Delhi,47587,https://www.tripadvisor.com/Tourism-g47587-Delhi_Catskill_Region_New_York-Vacations.html
3,Delhi,32289,https://www.tripadvisor.com/Tourism-g32289-Delhi_Merced_County_California-Vacations.html
4,Shanghai,308272,https://www.tripadvisor.com/Tourism-g308272-Shanghai-Vacations.html
5,Sao Paulo,303631,https://www.tripadvisor.com/Tourism-g303631-Sao_Paulo_State_of_Sao_Paulo-Vacations.html
6,Mexico City,150800,https://www.tripadvisor.com/Tourism-g150800-Mexico_City_Central_Mexico_and_Gulf_Coast-Vacations.html
7,Dhaka,293936,https://www.tripadvisor.com/Tourism-g293936-Dhaka_City_Dhaka_Division-Vacations.html
8,Cairo,34811,https://www.tripadvisor.com/Tourism-g34811-Cairo_Georgia-Vacations.html
9,Beijing,294212,https://www.tripadvisor.com/Tourism-g294212-Beijing-Vacations.html
10,Mumbai,304554,https://www.tripadvisor.com/Tourism-g304554-Mumbai_Maharashtra-Vacations.html
11,Osaka,298566,https://www.tripadvisor.com/Tourism-g298566-Osaka_Osaka_Prefecture_Kinki-Vacations.html
12,Karachi,295414,https://www.tripadvisor.com/Tourism-g295414-Karachi_Sindh_Province-Vacations.html
13,Chongqing,294213,https://www.tripadvisor.com/Tourism-g294213-Chongqing-Vacations.html
14,Istanbul,293974,https://www.tripadvisor.com/Tourism-g293974-Istanbul-Vacations.html
15,Buenos Aires,312741,https://www.tripadvisor.com/Tourism-g312741-Buenos_Aires_Capital_Federal_District-Vacations.html
16,Kolkata,304558,https://www.tripadvisor.com/Tourism-g304558-Kolkata_Calcutta_Kolkata_District_West_Bengal-Vacations.html
17,Kinshasa,294187,https://www.tripadvisor.com/Tourism-g294187-Kinshasa-Vacations.html
18,Lagos,189117,https://www.tripadvisor.com/Tourism-g189117-Lagos_Faro_District_Algarve-Vacations.html
19,Lagos,304026,https://www.tripadvisor.com/Tourism-g304026-Lagos_Lagos_State-Vacations.html
20,Manila,57054,https://www.tripadvisor.com/Tourism-g57054-Manila_Utah-Vacations.html
21,Tianjin,311293,https://www.tripadvisor.com/Tourism-g311293-Tianjin-Vacations.html
22,Guangzhou,298555,https://www.tripadvisor.com/Tourism-g298555-Guangzhou_Guangdong-Vacations.html
23,Rio de Janeiro,303506,https://www.tripadvisor.com/Tourism-g303506-Rio_de_Janeiro_State_of_Rio_de_Janeiro-Vacations.html
24,Lahore,295413,https://www.tripadvisor.com/Tourism-g295413-Lahore_Punjab_Province-Vacations.html
25,Bangalore,297628,https://www.tripadvisor.com/Tourism-g297628-Bengaluru_Bangalore_District_Karnataka-Vacations.html
26,Moscow,35539,https://www.tripadvisor.com/Tourism-g35539-Moscow_Idaho-Vacations.html
27,Shenzhen,297415,https://www.tripadvisor.com/Tourism-g297415-Shenzhen_Guangdong-Vacations.html
28,Bogota,46314,https://www.tripadvisor.com/Tourism-g46314-Bogota_New_Jersey-Vacations.html
29,Paris,187147,https://www.tripadvisor.com/Tourism-g187147-Paris_Ile_de_France-Vacations.html
30,Jakarta,294229,https://www.tripadvisor.com/Tourism-g294229-Jakarta_Java-Vacations.html
31,Lima,50555,https://www.tripadvisor.com/Tourism-g50555-Lima_Ohio-Vacations.html
32,Bangkok,293916,https://www.tripadvisor.com/Tourism-g293916-Bangkok-Vacations.html
33,Hyderabad,297586,https://www.tripadvisor.com/Tourism-g297586-Hyderabad_Hyderabad_District_Telangana-Vacations.html
34,Seoul,294197,https://www.tripadvisor.com/Tourism-g294197-Seoul-Vacations.html
35,Nagoya,298106,https://www.tripadvisor.com/Tourism-g298106-Nagoya_Aichi_Prefecture_Tokai_Chubu-Vacations.html
36,London,186338,https://www.tripadvisor.com/Tourism-g186338-London_England-Vacations.html
37,Chengdu,297463,https://www.tripadvisor.com/Tourism-g297463-Chengdu_Sichuan-Vacations.html
38,Tehran,293999,https://www.tripadvisor.com/Tourism-g293999-Tehran_Tehran_Province-Vacations.html
39,Nanjing,294220,https://www.tripadvisor.com/Tourism-g294220-Nanjing_Jiangsu-Vacations.html
40,Ho Chi Minh City,293925,https://www.tripadvisor.com/Tourism-g293925-Ho_Chi_Minh_City-Vacations.html
41,Luanda,293763,https://www.tripadvisor.com/Tourism-g293763-Luanda_Luanda_Province-Vacations.html
42,Wuhan,297437,https://www.tripadvisor.com/Tourism-g297437-Wuhan_Hubei-Vacations.html
43,Ahmedabad,297608,https://www.tripadvisor.com/Tourism-g297608-Ahmedabad_Ahmedabad_District_Gujarat-Vacations.html
44,New York City,60763,https://www.tripadvisor.com/Tourism-g60763-New_York_City_New_York-Vacations.html
45,Kuala Lumpur,298570,https://www.tripadvisor.com/Tourism-g298570-Kuala_Lumpur_Wilayah_Persekutuan-Vacations.html
46,Hangzhou,298559,https://www.tripadvisor.com/Tourism-g298559-Hangzhou_Zhejiang-Vacations.html
47,Hong Kong,294217,https://www.tripadvisor.com/Tourism-g294217-Hong_Kong-Vacations.html
48,Surat,297612,https://www.tripadvisor.com/Tourism-g297612-Surat_Surat_District_Gujarat-Vacations.html
49,Dongguan,297412,https://www.tripadvisor.com/Tourism-g297412-Dongguan_Guangdong-Vacations.html
50,Suzhou,297442,https://www.tripadvisor.com/Tourism-g297442-Suzhou_Jiangsu-Vacations.html
51,Foshan,494927,https://www.tripadvisor.com/Tourism-g494927-Foshan_Guangdong-Vacations.html
52,Riyadh,293995,https://www.tripadvisor.com/Tourism-g293995-Riyadh_Riyadh_Province-Vacations.html
53,Shenyang,297454,https://www.tripadvisor.com/Tourism-g297454-Shenyang_Liaoning-Vacations.html
54,Baghdad,294001,https://www.tripadvisor.com/Tourism-g294001-Baghdad_Baghdad_Province-Vacations.html
55,Dar es Salaam,293748,https://www.tripadvisor.com/Tourism-g293748-Dar_es_Salaam_Dar_Es_Salaam_Region-Vacations.html
56,Santiago,294305,https://www.tripadvisor.com/Tourism-g294305-Santiago_Santiago_Metropolitan_Region-Vacations.html
57,Pune,297654,https://www.tripadvisor.com/Tourism-g297654-Pune_Pune_District_Maharashtra-Vacations.html
58,Madrid,187514,https://www.tripadvisor.com/Tourism-g187514-Madrid-Vacations.html
59,Toronto,155019,https://www.tripadvisor.com/Tourism-g155019-Toronto_Ontario-Vacations.html
60,Belo Horizonte,303374,https://www.tripadvisor.com/Tourism-g303374-Belo_Horizonte_State_of_Minas_Gerais-Vacations.html
61,Singapore,294265,https://www.tripadvisor.com/Tourism-g294265-Singapore-Vacations.html
62,Khartoum,293835,https://www.tripadvisor.com/Tourism-g293835-Khartoum_Khartoum_State-Vacations.html
63,Johannesburg,42351,https://www.tripadvisor.com/Tourism-g42351-Johannesburg_Otsego_County_Michigan-Vacations.html
64,Dalian,297452,https://www.tripadvisor.com/Tourism-g297452-Dalian_Liaoning-Vacations.html
65,Qingdao,297458,https://www.tripadvisor.com/Tourism-g297458-Qingdao_Shandong-Vacations.html
66,Barcelona,187497,https://www.tripadvisor.com/Tourism-g187497-Barcelona_Catalonia-Vacations.html
67,Fukuoka,298207,https://www.tripadvisor.com/Tourism-g298207-Fukuoka_Fukuoka_Prefecture_Kyushu-Vacations.html
68,Zhengzhou,297435,https://www.tripadvisor.com/Tourism-g297435-Zhengzhou_Henan-Vacations.html
69,Saint Petersburg,34607,https://www.tripadvisor.com/Tourism-g34607-St_Petersburg_Florida-Vacations.html
70,Alexandria,30226,https://www.tripadvisor.com/Tourism-g30226-Alexandria_Virginia-Vacations.html
71,Abidjan,297513,https://www.tripadvisor.com/Tourism-g297513-Abidjan_Lagunes_Region-Vacations.html
72,Guadalajara,150798,https://www.tripadvisor.com/Tourism-g150798-Guadalajara_Guadalajara_Metropolitan_Area-Vacations.html
73,Ankara,298656,https://www.tripadvisor.com/Tourism-g298656-Ankara-Vacations.html
74,Melbourne,34433,https://www.tripadvisor.com/Tourism-g34433-Melbourne_Brevard_County_Florida-Vacations.html
75,Addis Ababa,293791,https://www.tripadvisor.com/Tourism-g293791-Addis_Ababa-Vacations.html
76,Sydney,255060,https://www.tripadvisor.com/Tourism-g255060-Sydney_New_South_Wales-Vacations.html
77,Monterrey,150782,https://www.tripadvisor.com/Tourism-g150782-Monterrey_Northern_Mexico-Vacations.html
78,Nairobi,294207,https://www.tripadvisor.com/Tourism-g294207-Nairobi-Vacations.html
79,Hanoi,293924,https://www.tripadvisor.com/Tourism-g293924-Hanoi-Vacations.html
80,Brasilia,303322,https://www.tripadvisor.com/Tourism-g303322-Brasilia_Federal_District-Vacations.html
81,Cape Town,312659,https://www.tripadvisor.com/Tourism-g312659-Cape_Town_Central_Western_Cape-Vacations.html
82,Cape Town,1722390,https://www.tripadvisor.com/Tourism-g1722390-Cape_Town_Western_Cape-Vacations.html
83,Jiddah,295419,https://www.tripadvisor.com/Tourism-g295419-Jeddah_Makkah_Province-Vacations.html
84,Changsha,494932,https://www.tripadvisor.com/Tourism-g494932-Changsha_Hunan-Vacations.html
85,Kunming,298558,https://www.tripadvisor.com/Tourism-g298558-Kunming_Yunnan-Vacations.html
86,Urumqi,297466,https://www.tripadvisor.com/Tourism-g297466-Urumqi_Xinjiang_Uygur-Vacations.html
87,Changchun,297448,https://www.tripadvisor.com/Tourism-g297448-Changchun_Jilin-Vacations.html
88,Shantou,297414,https://www.tripadvisor.com/Tourism-g297414-Shantou_Guangdong-Vacations.html
89,Hefei,297403,https://www.tripadvisor.com/Tourism-g297403-Hefei_Anhui-Vacations.html
90,Kabul,660089,https://www.tripadvisor.com/Tourism-g660089-Kabul_Kabul_Province-Vacations.html
91,Rome,35232,https://www.tripadvisor.com/Tourism-g35232-Rome_Georgia-Vacations.html
92,Ningbo,297470,https://www.tripadvisor.com/Tourism-g297470-Ningbo_Zhejiang-Vacations.html
93,Tel Aviv,293984,https://www.tripadvisor.com/Tourism-g293984-Tel_Aviv_Tel_Aviv_District-Vacations.html
94,Montreal,155032,https://www.tripadvisor.com/Tourism-g155032-Montreal_Quebec-Vacations.html
95,Shijiazhuang,297431,https://www.tripadvisor.com/Tourism-g297431-Shijiazhuang_Hebei-Vacations.html
96,Recife,304560,https://www.tripadvisor.com/Tourism-g304560-Recife_State_of_Pernambuco-Vacations.html
97,Yaounde,293773,https://www.tripadvisor.com/Tourism-g293773-Yaounde_Centre_Region-Vacations.html
98,Porto Alegre,303546,https://www.tripadvisor.com/Tourism-g303546-Porto_Alegre_State_of_Rio_Grande_do_Sul-Vacations.html
99,Fortaleza,303293,https://www.tripadvisor.com/Tourism-g303293-Fortaleza_State_of_Ceara-Vacations.html
100,Kano,317072,https://www.tripadvisor.com/Tourism-g317072-Kano_Kano_State-Vacations.html
101,Medellin,297478,https://www.tripadvisor.com/Tourism-g297478-Medellin_Antioquia_Department-Vacations.html
102,Jaipur,304555,https://www.tripadvisor.com/Tourism-g304555-Jaipur_Jaipur_District_Rajasthan-Vacations.html
103,Los Angeles,32655,https://www.tripadvisor.com/Tourism-g32655-Los_Angeles_California-Vacations.html
104,Taiyuan Shanxi,317093,https://www.tripadvisor.com/Tourism-g317093-Taiyuan_Shanxi-Vacations.html
105,Nanning,317092,https://www.tripadvisor.com/Tourism-g317092-Nanning_Guangxi-Vacations.html
106,Salvador,303272,https://www.tripadvisor.com/Tourism-g303272-Salvador_State_of_Bahia-Vacations.html
107,Casablanca,293732,https://www.tripadvisor.com/Tourism-g293732-Casablanca_Casablanca_Settat-Vacations.html
108,Douala,297392,https://www.tripadvisor.com/Tourism-g297392-Douala_Littoral_Region-Vacations.html
109,Xiamen,297407,https://www.tripadvisor.com/Tourism-g297407-Xiamen_Fujian-Vacations.html
110,Lucknow,297684,https://www.tripadvisor.com/Tourism-g297684-Lucknow_Lucknow_District_Uttar_Pradesh-Vacations.html
111,Fuzhou Fujian,297405,https://www.tripadvisor.com/Tourism-g297405-Fuzhou_Fujian-Vacations.html
112,Changzhou,656832,https://www.tripadvisor.com/Tourism-g656832-Changzhou_Jiangsu-Vacations.html
113,Kozhikode,297635,https://www.tripadvisor.com/Tourism-g297635-Kozhikode_Kozhikode_District_Kerala-Vacations.html
114,Curitiba,303441,https://www.tripadvisor.com/Tourism-g303441-Curitiba_State_of_Parana-Vacations.html
115,Wenzhou,297472,https://www.tripadvisor.com/Tourism-g297472-Wenzhou_Zhejiang-Vacations.html
116,Nanchang,297446,https://www.tripadvisor.com/Tourism-g297446-Nanchang_Jiangxi-Vacations.html
117,Ibadan,317071,https://www.tripadvisor.com/Tourism-g317071-Ibadan_Oyo_State-Vacations.html
118,Berlin,50087,https://www.tripadvisor.com/Tourism-g50087-Berlin_Ohio-Vacations.html
119,Faisalabad,304030,https://www.tripadvisor.com/Tourism-g304030-Faisalabad_Punjab_Province-Vacations.html
120,Antananarivo,293809,https://www.tripadvisor.com/Tourism-g293809-Antananarivo_Antananarivo_Province-Vacations.html
121,Bekasi,297705,https://www.tripadvisor.com/Tourism-g297705-Bekasi_West_Java_Java-Vacations.html
122,Kumasi,317061,https://www.tripadvisor.com/Tourism-g317061-Kumasi_Ashanti_Region-Vacations.html
123,Kampala,293841,https://www.tripadvisor.com/Tourism-g293841-Kampala_Central_Region-Vacations.html
124,Busan,297884,https://www.tripadvisor.com/Tourism-g297884-Busan-Vacations.html
125,Abuja,293825,https://www.tripadvisor.com/Tourism-g293825-Abuja_Federal_Capital_Territory-Vacations.html
126,Guiyang,317090,https://www.tripadvisor.com/Tourism-g317090-Guiyang_Guizhou-Vacations.html
127,Asuncion,294080,https://www.tripadvisor.com/Tourism-g294080-Asuncion-Vacations.html
128,Santo Domingo,147289,https://www.tripadvisor.com/Tourism-g147289-Santo_Domingo_Santo_Domingo_Province_Dominican_Republic-Vacations.html
129,Campinas,303605,https://www.tripadvisor.com/Tourism-g303605-Campinas_State_of_Sao_Paulo-Vacations.html
130,Wuxi,297443,https://www.tripadvisor.com/Tourism-g297443-Wuxi_Jiangsu-Vacations.html
131,Mashhad,2189612,https://www.tripadvisor.com/Tourism-g2189612-Mashhad_Razavi_Khorasan_Province-Vacations.html
132,Puebla,152773,https://www.tripadvisor.com/Tourism-g152773-Puebla_Central_Mexico_and_Gulf_Coast-Vacations.html
133,Dakar,293831,https://www.tripadvisor.com/Tourism-g293831-Dakar_Dakar_Region-Vacations.html
134,Thrissur,735202,https://www.tripadvisor.com/Tourism-g735202-Thrissur_Thrissur_District_Kerala-Vacations.html
135,Kochi,297633,https://www.tripadvisor.com/Tourism-g297633-Kochi_Cochin_Ernakulam_District_Kerala-Vacations.html
136,Kuwait City,294003,https://www.tripadvisor.com/Tourism-g294003-Kuwait_City-Vacations.html
137,Durban,312595,https://www.tripadvisor.com/Tourism-g312595-Durban_KwaZulu_Natal-Vacations.html
138,Port Harcourt,298363,https://www.tripadvisor.com/Tourism-g298363-Port_Harcourt_Rivers_State-Vacations.html
139,Lanzhou,297409,https://www.tripadvisor.com/Tourism-g297409-Lanzhou_Gansu-Vacations.html
140,Kanpur,667805,https://www.tripadvisor.com/Tourism-g667805-Kanpur_Kanpur_Nagar_District_Uttar_Pradesh-Vacations.html
141,Athens,29209,https://www.tripadvisor.com/Tourism-g29209-Athens_Georgia-Vacations.html
142,Milan,187849,https://www.tripadvisor.com/Tourism-g187849-Milan_Lombardy-Vacations.html
143,Indore,494941,https://www.tripadvisor.com/Tourism-g494941-Indore_Indore_District_Madhya_Pradesh-Vacations.html
144,Pyongyang,294444,https://www.tripadvisor.com/Tourism-g294444-Pyongyang-Vacations.html
145,Sanaa,294015,https://www.tripadvisor.com/Tourism-g294015-Sanaa-Vacations.html
146,Guayaquil,303845,https://www.tripadvisor.com/Tourism-g303845-Guayaquil_Guayas_Province-Vacations.html
147,Izmir,298006,https://www.tripadvisor.com/Tourism-g298006-Izmir_Izmir_Province_Turkish_Aegean_Coast-Vacations.html
148,Guatemala City,292006,https://www.tripadvisor.com/Tourism-g292006-Guatemala_City_Guatemala_Department-Vacations.html
149,Surabaya,297715,https://www.tripadvisor.com/Tourism-g297715-Surabaya_East_Java_Java-Vacations.html
150,Lisbon,189158,https://www.tripadvisor.com/Tourism-g189158-Lisbon_Lisbon_District_Central_Portugal-Vacations.html
151,Caracas,316066,https://www.tripadvisor.com/Tourism-g316066-Caracas_Capital_Region-Vacations.html
152,Zhongshan,297417,https://www.tripadvisor.com/Tourism-g297417-Zhongshan_Guangdong-Vacations.html
153,Nagpur,662323,https://www.tripadvisor.com/Tourism-g662323-Nagpur_Nagpur_District_Maharashtra-Vacations.html
154,Shizuoka,298124,https://www.tripadvisor.com/Tourism-g298124-Shizuoka_Shizuoka_Prefecture_Tokai_Chubu-Vacations.html
155,Dubai,295424,https://www.tripadvisor.com/Tourism-g295424-Dubai_Emirate_of_Dubai-Vacations.html
156,Ouagadougou,293769,https://www.tripadvisor.com/Tourism-g293769-Ouagadougou_Centre_Region-Vacations.html
157,Lusaka,293843,https://www.tripadvisor.com/Tourism-g293843-Lusaka_Lusaka_Province-Vacations.html
158,Coimbatore,297675,https://www.tripadvisor.com/Tourism-g297675-Coimbatore_Coimbatore_District_Tamil_Nadu-Vacations.html
159,Port-au-Prince,147307,https://www.tripadvisor.com/Tourism-g147307-Port_au_Prince_Ouest_Department_Haiti-Vacations.html
160,Depok,5074492,https://www.tripadvisor.com/Tourism-g5074492-Depok_Sleman_District_Yogyakarta_Region_Java-Vacations.html
161,Depok,3382555,https://www.tripadvisor.com/Tourism-g3382555-Depok_West_Java_Java-Vacations.html
162,Incheon,297889,https://www.tripadvisor.com/Tourism-g297889-Incheon-Vacations.html
163,Cali,297475,https://www.tripadvisor.com/Tourism-g297475-Cali_Valle_del_Cauca_Department-Vacations.html
164,Algiers,8594417,https://www.tripadvisor.com/Neighborhood-g60864-n8594417-Algiers-New_Orleans_Louisiana.html
165,Manchester,57312,https://www.tripadvisor.com/Tourism-g57312-Manchester_Vermont-Vacations.html
166,Manchester,46152,https://www.tripadvisor.com/Tourism-g46152-Manchester_New_Hampshire-Vacations.html
167,Goiania,303324,https://www.tripadvisor.com/Tourism-g303324-Goiania_State_of_Goias-Vacations.html
168,Bamako,293813,https://www.tripadvisor.com/Tourism-g293813-Bamako-Vacations.html
169,Chicago,35805,https://www.tripadvisor.com/Tourism-g35805-Chicago_Illinois-Vacations.html
170,Sapporo,298560,https://www.tripadvisor.com/Tourism-g298560-Sapporo_Hokkaido-Vacations.html
171,Pretoria,312583,https://www.tripadvisor.com/Tourism-g312583-Pretoria_Gauteng-Vacations.html
172,Birmingham,30375,https://www.tripadvisor.com/Tourism-g30375-Birmingham_Alabama-Vacations.html
173,Yantai,641713,https://www.tripadvisor.com/Tourism-g641713-Yantai_Shandong-Vacations.html
174,Bandung,297704,https://www.tripadvisor.com/Tourism-g297704-Bandung_West_Java_Java-Vacations.html
175,Vancouver,60820,https://www.tripadvisor.com/Tourism-g60820-Vancouver_Washington-Vacations.html
176,Huizhou,297413,https://www.tripadvisor.com/Tourism-g297413-Huizhou_Guangdong-Vacations.html
177,Accra,293797,https://www.tripadvisor.com/Tourism-g293797-Accra_Greater_Accra-Vacations.html
178,Tashkent,293968,https://www.tripadvisor.com/Tourism-g293968-Tashkent_Tashkent_Province-Vacations.html
179,Toluca de Lerdo,644384,https://www.tripadvisor.com/Tourism-g644384-Toluca_Central_Mexico_and_Gulf_Coast-Vacations.html
180,Patna,297592,https://www.tripadvisor.com/Tourism-g297592-Patna_Patna_District_Bihar-Vacations.html
181,Brazzaville,294189,https://www.tripadvisor.com/Tourism-g294189-Brazzaville-Vacations.html
182,Luoyang,303731,https://www.tripadvisor.com/Tourism-g303731-Luoyang_Henan-Vacations.html
183,Bhopal,319726,https://www.tripadvisor.com/Tourism-g319726-Bhopal_Bhopal_District_Madhya_Pradesh-Vacations.html
184,San Juan,58727,https://www.tripadvisor.com/Tourism-g58727-San_Juan_Islands_Washington-Vacations.html
185,San Juan,1441879,https://www.tripadvisor.com/Tourism-g1441879-San_Juan_Island_San_Juan_Islands_Washington-Vacations.html
186,Damascus,57658,https://www.tripadvisor.com/Tourism-g57658-Damascus_Virginia-Vacations.html
187,Brisbane,32112,https://www.tripadvisor.com/Tourism-g32112-Brisbane_California-Vacations.html
188,Beirut,294005,https://www.tripadvisor.com/Tourism-g294005-Beirut-Vacations.html
189,Tunis,293758,https://www.tripadvisor.com/Tourism-g293758-Tunis_Tunis_Governorate-Vacations.html
190,Tangerang,1493703,https://www.tripadvisor.com/Tourism-g1493703-Tangerang_Banten_Province_Java-Vacations.html
191,Mogadishu,294440,https://www.tripadvisor.com/Tourism-g294440-Mogadishu-Vacations.html
192,Baku,293934,https://www.tripadvisor.com/Tourism-g293934-Baku_Absheron_Region-Vacations.html
193,Medan,297725,https://www.tripadvisor.com/Tourism-g297725-Medan_North_Sumatra_Sumatra-Vacations.html
194,Belem,303404,https://www.tripadvisor.com/Tourism-g303404-Belem_State_of_Para-Vacations.html
195,Nantong,641711,https://www.tripadvisor.com/Tourism-g641711-Nantong_Jiangsu-Vacations.html
196,Sendai,298249,https://www.tripadvisor.com/Tourism-g298249-Sendai_Miyagi_Prefecture_Tohoku-Vacations.html
197,Houston,56003,https://www.tripadvisor.com/Tourism-g56003-Houston_Texas-Vacations.html
198,Manaus,303235,https://www.tripadvisor.com/Tourism-g303235-Manaus_Amazon_River_State_of_Amazonas-Vacations.html
199,Barranquilla,297473,https://www.tripadvisor.com/Tourism-g297473-Barranquilla_Atlantico_Department-Vacations.html
200,Maracaibo,316092,https://www.tripadvisor.com/Tourism-g316092-Maracaibo_Zulian_Region-Vacations.html
201,Gujranwala,670337,https://www.tripadvisor.com/Tourism-g670337-Gujranwala_Punjab_Province-Vacations.html
202,Rawalpindi,298423,https://www.tripadvisor.com/Tourism-g298423-Rawalpindi_Punjab_Province-Vacations.html
203,Peshawar,295412,https://www.tripadvisor.com/Tourism-g295412-Peshawar_Khyber_Pakhtunkhwa_Province-Vacations.html
204,Taoyuan,297912,https://www.tripadvisor.com/Tourism-g297912-Taoyuan-Vacations.html
205,Agra,297683,https://www.tripadvisor.com/Tourism-g297683-Agra_Agra_District_Uttar_Pradesh-Vacations.html
206,Hohhot,297440,https://www.tripadvisor.com/Tourism-g297440-Hohhot_Inner_Mongolia-Vacations.html
207,Vadodara,297613,https://www.tripadvisor.com/Tourism-g297613-Vadodara_Vadodara_District_Gujarat-Vacations.html
208,Kannur,777115,https://www.tripadvisor.com/Tourism-g777115-Kannur_Kannur_District_Kerala-Vacations.html
209,Visakhapatnam,297588,https://www.tripadvisor.com/Tourism-g297588-Visakhapatnam_Visakhapatnam_District_Andhra_Pradesh-Vacations.html
210,Xuzhou,658437,https://www.tripadvisor.com/Tourism-g658437-Xuzhou_Jiangsu-Vacations.html
211,Daegu,297886,https://www.tripadvisor.com/Tourism-g297886-Daegu-Vacations.html
212,Naples,34467,https://www.tripadvisor.com/Tourism-g34467-Naples_Florida-Vacations.html
213,Amman,293986,https://www.tripadvisor.com/Tourism-g293986-Amman_Amman_Governorate-Vacations.html
214,Tijuana,150776,https://www.tripadvisor.com/Tourism-g150776-Tijuana_Baja_California-Vacations.html
215,Phnom Penh,293940,https://www.tripadvisor.com/Tourism-g293940-Phnom_Penh-Vacations.html
216,Havana,34279,https://www.tripadvisor.com/Tourism-g34279-Havana_Florida-Vacations.html
217,Nashik,303883,https://www.tripadvisor.com/Tourism-g303883-Nashik_Nashik_District_Maharashtra-Vacations.html
218,Vijayawada,303876,https://www.tripadvisor.com/Tourism-g303876-Vijayawada_Krishna_District_Andhra_Pradesh-Vacations.html
219,Brussels,188644,https://www.tripadvisor.com/Tourism-g188644-Brussels-Vacations.html
220,Mecca,32700,https://www.tripadvisor.com/Tourism-g32700-Mecca_California-Vacations.html
221,Hiroshima,298561,https://www.tripadvisor.com/Tourism-g298561-Hiroshima_Hiroshima_Prefecture_Chugoku-Vacations.html
222,Perth,255103,https://www.tripadvisor.com/Tourism-g255103-Perth_Greater_Perth_Western_Australia-Vacations.html
223,Multan,317117,https://www.tripadvisor.com/Tourism-g317117-Multan_Punjab_Province-Vacations.html
224,Yangzhou,494934,https://www.tripadvisor.com/Tourism-g494934-Yangzhou_Jiangsu-Vacations.html
225,Minsk,294448,https://www.tripadvisor.com/Tourism-g294448-Minsk-Vacations.html
226,Bursa,297977,https://www.tripadvisor.com/Tourism-g297977-Bursa-Vacations.html
227,Aleppo,30024,https://www.tripadvisor.com/Tourism-g30024-Aleppo_Pennsylvania-Vacations.html
228,Conakry,293799,https://www.tripadvisor.com/Tourism-g293799-Conakry_Conakry_Region-Vacations.html
229,Vienna,60996,https://www.tripadvisor.com/Tourism-g60996-Vienna_Fairfax_County_Virginia-Vacations.html
230,Kollam,784581,https://www.tripadvisor.com/Tourism-g784581-Kollam_Kollam_District_Kerala-Vacations.html
231,Valencia,187529,https://www.tripadvisor.com/Tourism-g187529-Valencia_Province_of_Valencia_Valencian_Country-Vacations.html
232,Rajkot,660181,https://www.tripadvisor.com/Tourism-g660181-Rajkot_Rajkot_District_Gujarat-Vacations.html
233,Haikou,297425,https://www.tripadvisor.com/Tourism-g297425-Haikou_Hainan-Vacations.html
234,Almaty,298251,https://www.tripadvisor.com/Tourism-g298251-Almaty-Vacations.html
235,Baixada Santista,4004052,https://www.tripadvisor.com/Tourism-g4004052-Baixada_Santista_State_of_Sao_Paulo-Vacations.html
236,Rabat,293736,https://www.tripadvisor.com/Tourism-g293736-Rabat_Rabat_Sale_Kenitra-Vacations.html
237,West Yorkshire,186407,https://www.tripadvisor.com/Tourism-g186407-West_Yorkshire_England-Vacations.html
238,Semarang,297712,https://www.tripadvisor.com/Tourism-g297712-Semarang_Central_Java_Java-Vacations.html
239,Quito,294308,https://www.tripadvisor.com/Tourism-g294308-Quito_Pichincha_Province-Vacations.html
240,Panama City,34543,https://www.tripadvisor.com/Tourism-g34543-Panama_City_Beach_Florida-Vacations.html
241,Hyderabad,297586,https://www.tripadvisor.com/Tourism-g297586-Hyderabad_Hyderabad_District_Telangana-Vacations.html
242,Ludhiana,297664,https://www.tripadvisor.com/Tourism-g297664-Ludhiana_Ludhianar_District_Punjab-Vacations.html
243,La Paz,150771,https://www.tripadvisor.com/Tourism-g150771-La_Paz_Baja_California-Vacations.html
244,La Paz,294072,https://www.tripadvisor.com/Tourism-g294072-La_Paz_La_Paz_Department-Vacations.html
245,Lome,293839,https://www.tripadvisor.com/Tourism-g293839-Lome_Maritime_Region-Vacations.html
246,Davao City,298459,https://www.tripadvisor.com/Tourism-g298459-Davao_City_Davao_del_Sur_Province_Mindanao-Vacations.html
247,Zhuhai,297418,https://www.tripadvisor.com/Tourism-g297418-Zhuhai_Guangdong-Vacations.html
248,Turin,187855,https://www.tripadvisor.com/Tourism-g187855-Turin_Province_of_Turin_Piedmont-Vacations.html
249,Bucharest,294458,https://www.tripadvisor.com/Tourism-g294458-Bucharest-Vacations.html
250,Adana,297955,https://www.tripadvisor.com/Tourism-g297955-Adana_Turkish_Mediterranean_Coast-Vacations.html
251,Warsaw,37611,https://www.tripadvisor.com/Tourism-g37611-Warsaw_Indiana-Vacations.html
252,Hamburg,46486,https://www.tripadvisor.com/Tourism-g46486-Hamburg_New_Jersey-Vacations.html
253,Hamburg,47848,https://www.tripadvisor.com/Tourism-g47848-Hamburg_New_York-Vacations.html
254,Datong,13806451,https://www.tripadvisor.com/Tourism-g13806451-Datong_Taipei-Vacations.html
255,Datong,13806454,https://www.tripadvisor.com/Tourism-g13806454-Datong_Yilan-Vacations.html
256,Benin City,298361,https://www.tripadvisor.com/Tourism-g298361-Benin_City_Edo_State-Vacations.html
257,Budapest,274887,https://www.tripadvisor.com/Tourism-g274887-Budapest_Central_Hungary-Vacations.html
258,Madurai,297677,https://www.tripadvisor.com/Tourism-g297677-Madurai_Madurai_District_Tamil_Nadu-Vacations.html
259,Montevideo,43331,https://www.tripadvisor.com/Tourism-g43331-Montevideo_Minnesota-Vacations.html
260,Quanzhou,303693,https://www.tripadvisor.com/Tourism-g303693-Quanzhou_Fujian-Vacations.html
261,Palembang,608501,https://www.tripadvisor.com/Tourism-g608501-Palembang_South_Sumatra_Sumatra-Vacations.html
262,Santa Cruz,33048,https://www.tripadvisor.com/Tourism-g33048-Santa_Cruz_California-Vacations.html
263,Gaziantep,297998,https://www.tripadvisor.com/Tourism-g297998-Gaziantep_Gaziantep_Province-Vacations.html
264,Sharjah,298064,https://www.tripadvisor.com/Tourism-g298064-Sharjah_Emirate_of_Sharjah-Vacations.html
265,Phoenix,31310,https://www.tripadvisor.com/Tourism-g31310-Phoenix_Arizona-Vacations.html
266,Lyon,187265,https://www.tripadvisor.com/Tourism-g187265-Lyon_Rhone_Auvergne_Rhone_Alpes-Vacations.html
267,Meerut,1162496,https://www.tripadvisor.com/Tourism-g1162496-Meerut_Meerut_District_Uttar_Pradesh-Vacations.html
268,Jiangmen,494928,https://www.tripadvisor.com/Tourism-g494928-Jiangmen_Guangdong-Vacations.html
269,Can Tho,303942,https://www.tripadvisor.com/Tourism-g303942-Can_Tho_Mekong_Delta-Vacations.html
270,Raipur,297595,https://www.tripadvisor.com/Tourism-g297595-Raipur_Raipur_District_Chhattisgarh-Vacations.html
271,Varanasi,297685,https://www.tripadvisor.com/Tourism-g297685-Varanasi_Varanasi_District_Uttar_Pradesh-Vacations.html
272,Glasgow,39445,https://www.tripadvisor.com/Tourism-g39445-Glasgow_Kentucky-Vacations.html
273,Glasgow,45191,https://www.tripadvisor.com/Tourism-g45191-Glasgow_Montana-Vacations.html
274,Novosibirsk,298529,https://www.tripadvisor.com/Tourism-g298529-Novosibirsk_Novosibirsky_District_Novosibirsk_Oblast_Siberian_District-Vacations.html
275,Shiraz,316021,https://www.tripadvisor.com/Tourism-g316021-Shiraz_Fars_Province-Vacations.html
276,La Laguna,187480,https://www.tripadvisor.com/Tourism-g187480-San_Cristobal_de_La_Laguna_Tenerife_Canary_Islands-Vacations.html
277,La Laguna,313833,https://www.tripadvisor.com/Tourism-g313833-San_Pedro_La_Laguna_Lake_Atitlan_Solola_Department_Western_Highlands-Vacations.html
278,La Laguna,313832,https://www.tripadvisor.com/Tourism-g313832-Santa_Cruz_La_Laguna_Lake_Atitlan_Solola_Department_Western_Highlands-Vacations.html
279,Stockholm,189852,https://www.tripadvisor.com/Tourism-g189852-Stockholm-Vacations.html
280,Auckland,1811027,https://www.tripadvisor.com/Tourism-g1811027-Auckland_North_Island-Vacations.html
281,Jamshedpur,662321,https://www.tripadvisor.com/Tourism-g662321-Jamshedpur_East_Singhbhum_District_Jharkhand-Vacations.html
282,Tabriz,303961,https://www.tripadvisor.com/Tourism-g303961-Tabriz_East_Azerbaijan_Province-Vacations.html
283,Jilin,494936,https://www.tripadvisor.com/Tourism-g494936-Jilin_Jilin-Vacations.html
284,Srinagar,297623,https://www.tripadvisor.com/Tourism-g297623-Srinagar_Srinagar_District_Kashmir_Jammu_and_Kashmir-Vacations.html
285,Batam,297717,https://www.tripadvisor.com/Tourism-g297717-Batam_Riau_Archipelago_Riau_Islands_Province-Vacations.html
286,Ulaanbaatar,293956,https://www.tripadvisor.com/Tourism-g293956-Ulaanbaatar-Vacations.html
287,Marseille,187253,https://www.tripadvisor.com/Tourism-g187253-Marseille_Bouches_du_Rhone_Provence_Alpes_Cote_d_Azur-Vacations.html
288,Makassar,297720,https://www.tripadvisor.com/Tourism-g297720-Makassar_South_Sulawesi_Sulawesi-Vacations.html
289,Aurangabad,297649,https://www.tripadvisor.com/Tourism-g297649-Aurangabad_Aurangabad_District_Maharashtra-Vacations.html
290,Muscat,1940497,https://www.tripadvisor.com/Tourism-g1940497-Muscat_Muscat_Governorate-Vacations.html
291,Qinhuangdao,297430,https://www.tripadvisor.com/Tourism-g297430-Qinhuangdao_Hebei-Vacations.html
292,Philadelphia,60795,https://www.tripadvisor.com/Tourism-g60795-Philadelphia_Pennsylvania-Vacations.html
293,Cordoba,187430,https://www.tripadvisor.com/Tourism-g187430-Cordoba_Province_of_Cordoba_Andalucia-Vacations.html
294,Cordoba,312768,https://www.tripadvisor.com/Tourism-g312768-Cordoba_Province_of_Cordoba_Central_Argentina-Vacations.html
295,Xining,494940,https://www.tripadvisor.com/Tourism-g494940-Xining_Qinghai-Vacations.html
296,San Antonio,60956,https://www.tripadvisor.com/Tourism-g60956-San_Antonio_Texas-Vacations.html
297,Calgary,154913,https://www.tripadvisor.com/Tourism-g154913-Calgary_Alberta-Vacations.html
298,Monrovia,32729,https://www.tripadvisor.com/Tourism-g32729-Monrovia_California-Vacations.html
299,Tiruppur,8096088,https://www.tripadvisor.com/Tourism-g8096088-Tiruppur_Tiruppur_District_Tamil_Nadu-Vacations.html
300,Rosario,312809,https://www.tripadvisor.com/Tourism-g312809-Rosario_Province_of_Santa_Fe_Litoral-Vacations.html
301,Munich,187309,https://www.tripadvisor.com/Tourism-g187309-Munich_Upper_Bavaria_Bavaria-Vacations.html
302,Harare,293760,https://www.tripadvisor.com/Tourism-g293760-Harare_Harare_Province-Vacations.html
303,Ciudad Juarez,150780,https://www.tripadvisor.com/Tourism-g150780-Ciudad_Juarez_Northern_Mexico-Vacations.html
304,Anyang,1138012,https://www.tripadvisor.com/Tourism-g1138012-Anyang_Gyeonggi_do-Vacations.html
305,Gwangju,304129,https://www.tripadvisor.com/Tourism-g304129-Gwangju-Vacations.html
306,Gwangju,2024868,https://www.tripadvisor.com/Tourism-g2024868-Gwangju_Gyeonggi_do-Vacations.html
307,Medina,50636,https://www.tripadvisor.com/Tourism-g50636-Medina_Ohio-Vacations.html
308,Medina,56266,https://www.tripadvisor.com/Tourism-g56266-Medina_Bandera_County_Texas-Vacations.html
309,Yekaterinburg,298540,https://www.tripadvisor.com/Tourism-g298540-Yekaterinburg_Sverdlovsk_Oblast_Urals_District-Vacations.html
310,Abu Dhabi,294013,https://www.tripadvisor.com/Tourism-g294013-Abu_Dhabi_Emirate_of_Abu_Dhabi-Vacations.html
311,Jodhpur,297668,https://www.tripadvisor.com/Tourism-g297668-Jodhpur_Jodhpur_District_Rajasthan-Vacations.html
312,Edmonton,154914,https://www.tripadvisor.com/Tourism-g154914-Edmonton_Alberta-Vacations.html
313,Natal,303518,https://www.tripadvisor.com/Tourism-g303518-Natal_State_of_Rio_Grande_do_Norte-Vacations.html
314,Tegucigalpa,292026,https://www.tripadvisor.com/Tourism-g292026-Tegucigalpa_Francisco_Morazan_Department-Vacations.html
315,Ranchi,662320,https://www.tripadvisor.com/Tourism-g662320-Ranchi_Ranchi_District_Jharkhand-Vacations.html
316,Kathmandu,293890,https://www.tripadvisor.com/Tourism-g293890-Kathmandu_Kathmandu_Valley_Bagmati_Zone_Central_Region-Vacations.html
317,Jabalpur,503699,https://www.tripadvisor.com/Tourism-g503699-Jabalpur_Jabalpur_District_Madhya_Pradesh-Vacations.html
318,Mandalay,295408,https://www.tripadvisor.com/Tourism-g295408-Mandalay_Mandalay_Region-Vacations.html
319,Kota,608475,https://www.tripadvisor.com/Tourism-g608475-Kota_Kota_District_Rajasthan-Vacations.html
320,San Diego,60750,https://www.tripadvisor.com/Tourism-g60750-San_Diego_California-Vacations.html
321,Kharkiv,295369,https://www.tripadvisor.com/Tourism-g295369-Kharkiv_Kharkiv_Oblast-Vacations.html
322,San Jose,33020,https://www.tripadvisor.com/Tourism-g33020-San_Jose_California-Vacations.html
323,Allahabad,1162488,https://www.tripadvisor.com/Tourism-g1162488-Allahabad_Allahabad_District_Uttar_Pradesh-Vacations.html
324,Gwalior,667810,https://www.tripadvisor.com/Tourism-g667810-Gwalior_Gwalior_District_Madhya_Pradesh-Vacations.html
325,Ottawa,36508,https://www.tripadvisor.com/Tourism-g36508-Ottawa_Illinois-Vacations.html
326,Ottawa,38967,https://www.tripadvisor.com/Tourism-g38967-Ottawa_Kansas-Vacations.html
327,Zurich,188113,https://www.tripadvisor.com/Tourism-g188113-Zurich-Vacations.html
328,Belgrade,45077,https://www.tripadvisor.com/Tourism-g45077-Belgrade_Montana-Vacations.html
329,Belgrade,40509,https://www.tripadvisor.com/Tourism-g40509-Belgrade_Maine-Vacations.html
330,Amritsar,303884,https://www.tripadvisor.com/Tourism-g303884-Amritsar_Amritsar_District_Punjab-Vacations.html
331,Joao Pessoa,303428,https://www.tripadvisor.com/Tourism-g303428-Joao_Pessoa_State_of_Paraiba-Vacations.html
332,Yiwu,608470,https://www.tripadvisor.com/Tourism-g608470-Yiwu_Zhejiang-Vacations.html
333,Nouakchott,293815,https://www.tripadvisor.com/Tourism-g293815-Nouakchott-Vacations.html
334,Queretaro,1575493,https://www.tripadvisor.com/Tourism-g1575493-Queretaro_Central_Mexico_and_Gulf_Coast-Vacations.html
335,Copenhagen,189541,https://www.tripadvisor.com/Tourism-g189541-Copenhagen_Zealand-Vacations.html
336,Konya,298014,https://www.tripadvisor.com/Tourism-g298014-Konya-Vacations.html
337,Bucaramanga,297474,https://www.tripadvisor.com/Tourism-g297474-Bucaramanga_Santander_Department-Vacations.html
338,Dhanbad,1011999,https://www.tripadvisor.com/Tourism-g1011999-Dhanbad_Dhanbad_District_Jharkhand-Vacations.html
339,Weihai,297459,https://www.tripadvisor.com/Tourism-g297459-Weihai_Shandong-Vacations.html
340,Dallas,55711,https://www.tripadvisor.com/Tourism-g55711-Dallas_Texas-Vacations.html
341,Adelaide,255093,https://www.tripadvisor.com/Tourism-g255093-Adelaide_Greater_Adelaide_South_Australia-Vacations.html
342,Hai Phong,303944,https://www.tripadvisor.com/Tourism-g303944-Hai_Phong-Vacations.html
343,Mombasa,294210,https://www.tripadvisor.com/Tourism-g294210-Mombasa_Coast_Province-Vacations.html
344,Maceio,303216,https://www.tripadvisor.com/Tourism-g303216-Maceio_State_of_Alagoas-Vacations.html
345,Cochabamba,297315,https://www.tripadvisor.com/Tourism-g297315-Cochabamba_Cochabamba_Department-Vacations.html
346,Niamey,293823,https://www.tripadvisor.com/Tourism-g293823-Niamey-Vacations.html
347,Samut Prakan,1570011,https://www.tripadvisor.com/Tourism-g1570011-Samut_Prakan_Samut_Prakan_Province-Vacations.html
348,Joinville,303584,https://www.tripadvisor.com/Tourism-g303584-Joinville_State_of_Santa_Catarina-Vacations.html
349,Helsinki,189934,https://www.tripadvisor.com/Tourism-g189934-Helsinki_Uusimaa-Vacations.html
350,Porto,189180,https://www.tripadvisor.com/Tourism-g189180-Porto_Porto_District_Northern_Portugal-Vacations.html
351,Prague,274707,https://www.tripadvisor.com/Tourism-g274707-Prague_Bohemia-Vacations.html
352,Antalya,297962,https://www.tripadvisor.com/Tourism-g297962-Antalya_Turkish_Mediterranean_Coast-Vacations.html
353,Bareilly,1162490,https://www.tripadvisor.com/Tourism-g1162490-Bareilly_Bareilly_District_Uttar_Pradesh-Vacations.html
354,Sofia,294452,https://www.tripadvisor.com/Tourism-g294452-Sofia_Sofia_Region-Vacations.html
355,Kazan,298520,https://www.tripadvisor.com/Tourism-g298520-Kazan_Republic_of_Tatarstan_Volga_District-Vacations.html
356,Port Elizabeth,46749,https://www.tripadvisor.com/Tourism-g46749-Port_Elizabeth_New_Jersey-Vacations.html
357,Florianopolis,303576,https://www.tripadvisor.com/Tourism-g303576-Florianopolis_State_of_Santa_Catarina-Vacations.html
358,Pointe-Noire,317073,https://www.tripadvisor.com/Tourism-g317073-Pointe_Noire_Pointe_Noire_Department-Vacations.html
359,Fes,293733,https://www.tripadvisor.com/Tourism-g293733-Fes_Fes_Meknes-Vacations.html
360,Dublin,50285,https://www.tripadvisor.com/Tourism-g50285-Dublin_Ohio-Vacations.html
361,Freetown,293833,https://www.tripadvisor.com/Tourism-g293833-Freetown_Western_Area-Vacations.html
362,San Luis Potosi,153477,https://www.tripadvisor.com/Tourism-g153477-San_Luis_Potosi_Central_Mexico_and_Gulf_Coast-Vacations.html
363,Chelyabinsk,298539,https://www.tripadvisor.com/Tourism-g298539-Chelyabinsk_Chelyabinsk_Oblast_Urals_District-Vacations.html
364,Moradabad,658409,https://www.tripadvisor.com/Tourism-g658409-Moradabad_Moradabad_District_Uttar_Pradesh-Vacations.html
365,Barquisimeto,316090,https://www.tripadvisor.com/Tourism-g316090-Barquisimeto_Central_Western_Region-Vacations.html
366,Suzhou,297442,https://www.tripadvisor.com/Tourism-g297442-Suzhou_Jiangsu-Vacations.html
367,Maracay,316067,https://www.tripadvisor.com/Tourism-g316067-Maracay_Central_Region-Vacations.html
368,Astana,293944,https://www.tripadvisor.com/Tourism-g293944-Nur_Sultan_Akmola_Province-Vacations.html
369,Bhubaneswar,297661,https://www.tripadvisor.com/Tourism-g297661-Bhubaneswar_Khurda_District_Odisha-Vacations.html
370,Mendoza,312781,https://www.tripadvisor.com/Tourism-g312781-Mendoza_Province_of_Mendoza_Cuyo-Vacations.html
371,Bogor,297706,https://www.tripadvisor.com/Tourism-g297706-Bogor_West_Java_Java-Vacations.html
372,Chiang Mai,293917,https://www.tripadvisor.com/Tourism-g293917-Chiang_Mai-Vacations.html
373,Mwanza,678707,https://www.tripadvisor.com/Tourism-g678707-Mwanza_Mwanza_Region-Vacations.html
374,Tiruchirappalli,317098,https://www.tripadvisor.com/Tourism-g317098-Tiruchirappalli_Tiruchirappalli_District_Tamil_Nadu-Vacations.html
375,Omsk,298530,https://www.tripadvisor.com/Tourism-g298530-Omsk_Omsk_Oblast_Siberian_District-Vacations.html
376,Merida,150811,https://www.tripadvisor.com/Tourism-g150811-Merida_Yucatan_Peninsula-Vacations.html
377,Merida,316050,https://www.tripadvisor.com/Tourism-g316050-Merida_Andean_Region-Vacations.html
378,Lilongwe,293811,https://www.tripadvisor.com/Tourism-g293811-Lilongwe_Central_Region-Vacations.html
379,Kigali,293829,https://www.tripadvisor.com/Tourism-g293829-Kigali_Kigali_Province-Vacations.html
380,Tripoli,60338,https://www.tripadvisor.com/Tourism-g60338-Tripoli_Wisconsin-Vacations.html
381,Chandigarh,297596,https://www.tripadvisor.com/Tourism-g297596-Chandigarh-Vacations.html
382,Islamabad,293960,https://www.tripadvisor.com/Tourism-g293960-Islamabad_Islamabad_Capital_Territory-Vacations.html
383,Samara,298521,https://www.tripadvisor.com/Tourism-g298521-Samara_Samara_Oblast_Volga_District-Vacations.html
384,Amsterdam,29812,https://www.tripadvisor.com/Tourism-g29812-Amsterdam_New_York-Vacations.html
385,Da Nang,298085,https://www.tripadvisor.com/Tourism-g298085-Da_Nang-Vacations.html
386,Haifa,293982,https://www.tripadvisor.com/Tourism-g293982-Haifa_Haifa_District-Vacations.html
387,Guilin,298556,https://www.tripadvisor.com/Tourism-g298556-Guilin_Guangxi-Vacations.html
388,Krasnoyarsk,298525,https://www.tripadvisor.com/Tourism-g298525-Krasnoyarsk_Krasnoyarsk_Krai_Siberian_District-Vacations.html
389,Mexicali,154247,https://www.tripadvisor.com/Tourism-g154247-Mexicali_Baja_California-Vacations.html
390,Ufa,298518,https://www.tripadvisor.com/Tourism-g298518-Ufa_Republic_of_Bashkortostan_Volga_District-Vacations.html
391,Rostov-on-Don,298535,https://www.tripadvisor.com/Tourism-g298535-Rostov_on_Don_Rostov_Oblast_Southern_District-Vacations.html
392,Hubli-Dharwad,1154299,https://www.tripadvisor.com/Tourism-g1154299-Hubli_Dharwad_Dharwad_District_Karnataka-Vacations.html
393,Guwahati,503692,https://www.tripadvisor.com/Tourism-g503692-Guwahati_Kamrup_Metropolitan_District_Assam-Vacations.html
394,Quetta,317118,https://www.tripadvisor.com/Tourism-g317118-Quetta_Balochistan_Province-Vacations.html
395,Cologne,187371,https://www.tripadvisor.com/Tourism-g187371-Cologne_North_Rhine_Westphalia-Vacations.html
396,Aguascalientes,153976,https://www.tripadvisor.com/Tourism-g153976-Aguascalientes_Central_Mexico_and_Gulf_Coast-Vacations.html
397,Salem,60954,https://www.tripadvisor.com/Tourism-g60954-Salem_Massachusetts-Vacations.html
398,Salem,52053,https://www.tripadvisor.com/Tourism-g52053-Salem_Oregon-Vacations.html
399,Maputo,293819,https://www.tripadvisor.com/Tourism-g293819-Maputo_Maputo_Province-Vacations.html
400,Bandar Lampung,297722,https://www.tripadvisor.com/Tourism-g297722-Bandar_Lampung_Lampung_Sumatra-Vacations.html
401,Tasikmalaya,1131500,https://www.tripadvisor.com/Tourism-g1131500-Tasikmalaya_West_Java_Java-Vacations.html
402,San Salvador,294476,https://www.tripadvisor.com/Tourism-g294476-San_Salvador_San_Salvador_Department-Vacations.html
403,San Salvador,147431,https://www.tripadvisor.com/Tourism-g147431-San_Salvador_Out_Islands_Bahamas-Vacations.html
404,Yongin,1643550,https://www.tripadvisor.com/Tourism-g1643550-Yongin_Gyeonggi_do-Vacations.html
405,Cuernavaca,150797,https://www.tripadvisor.com/Tourism-g150797-Cuernavaca_Central_Mexico_and_Gulf_Coast-Vacations.html
406,Yerevan,293932,https://www.tripadvisor.com/Tourism-g293932-Yerevan-Vacations.html
407,Goyang,2024865,https://www.tripadvisor.com/Tourism-g2024865-Goyang_Gyeonggi_do-Vacations.html
408,Tbilisi,294195,https://www.tripadvisor.com/Tourism-g294195-Tbilisi-Vacations.html
409,Chihuahua,1028202,https://www.tripadvisor.com/Tourism-g1028202-Chihuahua_Northern_Mexico-Vacations.html
410,Chihuahua,150779,https://www.tripadvisor.com/Tourism-g150779-Chihuahua_Northern_Mexico-Vacations.html
411,Perm,298516,https://www.tripadvisor.com/Tourism-g298516-Perm_Perm_Krai_Volga_District-Vacations.html
412,Bujumbura,293771,https://www.tripadvisor.com/Tourism-g293771-Bujumbura_Bujumbura_Mairie_Province-Vacations.html
413,Jalandhar,488276,https://www.tripadvisor.com/Tourism-g488276-Jalandhar_Jalandhar_District_Punjab-Vacations.html
414,Managua,294478,https://www.tripadvisor.com/Tourism-g294478-Managua_Managua_Department-Vacations.html
415,Voronezh,798124,https://www.tripadvisor.com/Tourism-g798124-Voronezh_Voronezh_Oblast_Central_Russia-Vacations.html
416,Cartagena,297476,https://www.tripadvisor.com/Tourism-g297476-Cartagena_Cartagena_District_Bolivar_Department-Vacations.html
417,Lille,187178,https://www.tripadvisor.com/Tourism-g187178-Lille_Nord_Hauts_de_France-Vacations.html
418,Bishkek,293948,https://www.tripadvisor.com/Tourism-g293948-Bishkek-Vacations.html
419,Diyarbakir,297994,https://www.tripadvisor.com/Tourism-g297994-Diyarbakir-Vacations.html
420,Siliguri,659786,https://www.tripadvisor.com/Tourism-g659786-Siliguri_Darjeeling_District_West_Bengal-Vacations.html
421,Oslo,190479,https://www.tripadvisor.com/Tourism-g190479-Oslo_Eastern_Norway-Vacations.html
422,Changwon,612376,https://www.tripadvisor.com/Tourism-g612376-Changwon_Gyeongsangnam_do-Vacations.html
423,Antwerp,188636,https://www.tripadvisor.com/Tourism-g188636-Antwerp_Antwerp_Province-Vacations.html
424,Bien Hoa,1749176,https://www.tripadvisor.com/Tourism-g1749176-Bien_Hoa_Dong_Nai_Province-Vacations.html
425,Johor Bahru,298278,https://www.tripadvisor.com/Tourism-g298278-Johor_Bahru_Johor_Bahru_District_Johor-Vacations.html
426,Solapur,1010180,https://www.tripadvisor.com/Tourism-g1010180-Solapur_Solapur_District_Maharashtra-Vacations.html
427,Samarinda,317102,https://www.tripadvisor.com/Tourism-g317102-Samarinda_East_Kalimantan_Kalimantan-Vacations.html
428,Toulouse,187175,https://www.tripadvisor.com/Tourism-g187175-Toulouse_Haute_Garonne_Occitanie-Vacations.html
429,Mersin,298000,https://www.tripadvisor.com/Tourism-g298000-Mersin_Mersin_Icel_Turkish_Mediterranean_Coast-Vacations.html
430,Hargeysa,482880,https://www.tripadvisor.com/Tourism-g482880-Hargeysa_Somaliland-Vacations.html
431,Teresina,303483,https://www.tripadvisor.com/Tourism-g303483-Teresina_State_of_Piaui-Vacations.html
432,Aracaju,303638,https://www.tripadvisor.com/Tourism-g303638-Aracaju_State_of_Sergipe-Vacations.html
433,Marrakech,293734,https://www.tripadvisor.com/Tourism-g293734-Marrakech_Marrakech_Safi-Vacations.html
434,Tampico,36763,https://www.tripadvisor.com/Tourism-g36763-Tampico_Illinois-Vacations.html
435,Rotterdam,48525,https://www.tripadvisor.com/Tourism-g48525-Rotterdam_New_York-Vacations.html
436,Austin,30196,https://www.tripadvisor.com/Tourism-g30196-Austin_Texas-Vacations.html
437,San Jose,33020,https://www.tripadvisor.com/Tourism-g33020-San_Jose_California-Vacations.html
438,Denpasar,297694,https://www.tripadvisor.com/Tourism-g297694-Denpasar_Bali-Vacations.html
439,Volgograd,298537,https://www.tripadvisor.com/Tourism-g298537-Volgograd_Volgograd_Oblast_Southern_District-Vacations.html
440,Saltillo,43993,https://www.tripadvisor.com/Tourism-g43993-Saltillo_Mississippi-Vacations.html
441,San Miguel de Tucuman,151932,https://www.tripadvisor.com/Tourism-g151932-San_Miguel_de_Allende_Central_Mexico_and_Gulf_Coast-Vacations.html
442,San Miguel de Tucuman,312826,https://www.tripadvisor.com/Tourism-g312826-San_Miguel_de_Tucuman_Province_of_Tucuman_Northern_Argentina-Vacations.html
443,San Miguel de Tucuman,635888,https://www.tripadvisor.com/Tourism-g635888-San_Miguel_de_Abona_Tenerife_Canary_Islands-Vacations.html
444,Asmara,293789,https://www.tripadvisor.com/Tourism-g293789-Asmara_Maekel_Region-Vacations.html
445,Padang,297726,https://www.tripadvisor.com/Tourism-g297726-Padang_West_Sumatra_Sumatra-Vacations.html
446,Cebu City,298460,https://www.tripadvisor.com/Tourism-g298460-Cebu_City_Cebu_Island_Visayas-Vacations.html
447,Valparaiso,37594,https://www.tripadvisor.com/Tourism-g37594-Valparaiso_Indiana-Vacations.html
448,Sekondi Takoradi,1015897,https://www.tripadvisor.com/Tourism-g1015897-Sekondi_Takoradi_Western_Region-Vacations.html
449,Kayseri,297984,https://www.tripadvisor.com/Tourism-g297984-Kayseri_Kayseri_Province-Vacations.html
450,Warangal,735768,https://www.tripadvisor.com/Tourism-g735768-Warangal_Warangal_Urban_District_Telangana-Vacations.html
451,Bordeaux,187079,https://www.tripadvisor.com/Tourism-g187079-Bordeaux_Gironde_Nouvelle_Aquitaine-Vacations.html
452,Songkhla,317134,https://www.tripadvisor.com/Tourism-g317134-Songkhla_Songkhla_Province-Vacations.html
453,Nonthaburi,735212,https://www.tripadvisor.com/Tourism-g735212-Nonthaburi_Nonthaburi_Province-Vacations.html
454,Krasnodar,298532,https://www.tripadvisor.com/Tourism-g298532-Krasnodar_Krasnodar_Krai_Southern_District-Vacations.html
455,Cancun,150807,https://www.tripadvisor.com/Tourism-g150807-Cancun_Yucatan_Peninsula-Vacations.html
456,Morelia,152771,https://www.tripadvisor.com/Tourism-g152771-Morelia_Central_Mexico_and_Gulf_Coast-Vacations.html
457,Dnipro,298045,https://www.tripadvisor.com/Tourism-g298045-Dnipro_Dnipropetrovsk_Oblast-Vacations.html
458,Jerusalem,293983,https://www.tripadvisor.com/Tourism-g293983-Jerusalem_Jerusalem_District-Vacations.html
459,Cucuta,676525,https://www.tripadvisor.com/Tourism-g676525-Cucuta_Norte_de_Santander_Department-Vacations.html
460,Nice,32782,https://www.tripadvisor.com/Tourism-g32782-Nice_Lake_County_California-Vacations.html
461,Dehradun,297687,https://www.tripadvisor.com/Tourism-g297687-Dehradun_Dehradun_District_Uttarakhand-Vacations.html
462,Seongnam,2024873,https://www.tripadvisor.com/Tourism-g2024873-Seongnam_Gyeonggi_do-Vacations.html
463,Fort Worth,55857,https://www.tripadvisor.com/Tourism-g55857-Fort_Worth_Texas-Vacations.html
464,Agadir,293731,https://www.tripadvisor.com/Tourism-g293731-Agadir_Souss_Massa-Vacations.html
465,Hamah,190460,https://www.tripadvisor.com/Tourism-g190460-Hamar_Hamar_Municipality_Hedmark_Eastern_Norway-Vacations.html
466,Dushanbe,293964,https://www.tripadvisor.com/Tourism-g293964-Dushanbe-Vacations.html
467,Southampton,48658,https://www.tripadvisor.com/Tourism-g48658-Southampton_Long_Island_New_York-Vacations.html
468,Arequipa,294313,https://www.tripadvisor.com/Tourism-g294313-Arequipa_Arequipa_Region-Vacations.html
469,Ciudad Guayana,316073,https://www.tripadvisor.com/Tourism-g316073-Ciudad_Guayana_Guayana_Region-Vacations.html
470,Zamboanga City,580109,https://www.tripadvisor.com/Tourism-g580109-Zamboanga_City_Zamboanga_Sibugay_Province_Zamboanga_Peninsula_Mindanao-Vacations.html
471,Veracruz,150804,https://www.tripadvisor.com/Tourism-g150804-Veracruz_Central_Mexico_and_Gulf_Coast-Vacations.html
472,Jacksonville,60805,https://www.tripadvisor.com/Tourism-g60805-Jacksonville_Florida-Vacations.html
473,San Pedro Sula,292025,https://www.tripadvisor.com/Tourism-g292025-San_Pedro_Sula_Cortes_Department-Vacations.html
474,Pathum Thani,297929,https://www.tripadvisor.com/Tourism-g297929-Pathum_Thani_Pathum_Thani_Province-Vacations.html
475,Guigang,317090,https://www.tripadvisor.com/Tourism-g317090-Guiyang_Guizhou-Vacations.html
476,Reynosa,499440,https://www.tripadvisor.com/Tourism-g499440-Reynosa_Northern_Mexico-Vacations.html
477,Columbus,50226,https://www.tripadvisor.com/Tourism-g50226-Columbus_Ohio-Vacations.html
478,Villahermosa,249850,https://www.tripadvisor.com/Tourism-g249850-Villahermosa_Central_Mexico_and_Gulf_Coast-Vacations.html
479,Charlotte,49022,https://www.tripadvisor.com/Tourism-g49022-Charlotte_North_Carolina-Vacations.html
480,Ulsan,297893,https://www.tripadvisor.com/Tourism-g297893-Ulsan-Vacations.html
481,Bangui,293777,https://www.tripadvisor.com/Tourism-g293777-Bangui-Vacations.html
482,Oran,44747,https://www.tripadvisor.com/Tourism-g44747-Oran_Missouri-Vacations.html
483,Owerri,1072027,https://www.tripadvisor.com/Tourism-g1072027-Owerri_Imo_State-Vacations.html
484,Campo Grande,303369,https://www.tripadvisor.com/Tourism-g303369-Campo_Grande_State_of_Mato_Grosso_do_Sul-Vacations.html
485,Liverpool,48067,https://www.tripadvisor.com/Tourism-g48067-Liverpool_Salina_Finger_Lakes_New_York-Vacations.html
486,Najaf,659510,https://www.tripadvisor.com/Tourism-g659510-Najaf_Najaf_Province-Vacations.html
487,Bergamo,187830,https://www.tripadvisor.com/Tourism-g187830-Bergamo_Province_of_Bergamo_Lombardy-Vacations.html
488,Donetsk,298046,https://www.tripadvisor.com/Tourism-g298046-Donetsk_Donetsk_Oblast-Vacations.html
489,Londrina,303451,https://www.tripadvisor.com/Tourism-g303451-Londrina_State_of_Parana-Vacations.html
490,Malang,297710,https://www.tripadvisor.com/Tourism-g297710-Malang_East_Java_Java-Vacations.html
491,La Plata,41217,https://www.tripadvisor.com/Tourism-g41217-La_Plata_Maryland-Vacations.html
492,La Plata,44561,https://www.tripadvisor.com/Tourism-g44561-La_Plata_Missouri-Vacations.html
493,Concepcion,297396,https://www.tripadvisor.com/Tourism-g297396-Concepcion_Greater_Concepcion_Biobio_Region-Vacations.html
494,Indianapolis,37209,https://www.tripadvisor.com/Tourism-g37209-Indianapolis_Indiana-Vacations.html
495,Hermosillo,153979,https://www.tripadvisor.com/Tourism-g153979-Hermosillo_Northern_Mexico-Vacations.html
496,San Francisco,60713,https://www.tripadvisor.com/Tourism-g60713-San_Francisco_California-Vacations.html
497,Trujillo,298444,https://www.tripadvisor.com/Tourism-g298444-Trujillo_La_Libertad_Region-Vacations.html
498,Trujillo,562640,https://www.tripadvisor.com/Tourism-g562640-Trujillo_Province_of_Caceres_Extremadura-Vacations.html
499,Trujillo,292027,https://www.tripadvisor.com/Tourism-g292027-Trujillo_Colon_Department-Vacations.html
500,Guntur,2285985,https://www.tripadvisor.com/Tourism-g2285985-Guntur_Guntur_District_Andhra_Pradesh-Vacations.html
501,Tyumen,662362,https://www.tripadvisor.com/Tourism-g662362-Tyumen_Tyumen_Oblast_Urals_District-Vacations.html
502,Tuxtla Gutierrez,317142,https://www.tripadvisor.com/Tourism-g317142-Tuxtla_Gutierrez_Southern_Mexico-Vacations.html
503,Ashgabat,293966,https://www.tripadvisor.com/Tourism-g293966-Ashgabat_Ahal_Province-Vacations.html
504,Erbil,659505,https://www.tripadvisor.com/Tourism-g659505-Erbil_Erbil_Province-Vacations.html
505,Tainan,293912,https://www.tripadvisor.com/Tourism-g293912-Tainan-Vacations.html
506,Culiacan,150781,https://www.tripadvisor.com/Tourism-g150781-Culiacan_Pacific_Coast-Vacations.html
507,Palermo,187890,https://www.tripadvisor.com/Tourism-g187890-Palermo_Province_of_Palermo_Sicily-Vacations.html
508,Libreville,293793,https://www.tripadvisor.com/Tourism-g293793-Libreville_Estuaire_Province-Vacations.html
509,Saratov,798121,https://www.tripadvisor.com/Tourism-g798121-Saratov_Saratov_Oblast_Volga_District-Vacations.html
510,Valencia,187529,https://www.tripadvisor.com/Tourism-g187529-Valencia_Province_of_Valencia_Valencian_Country-Vacations.html
511,Luzhou,13806717,https://www.tripadvisor.com/Tourism-g13806717-Luzhou_New_Taipei-Vacations.html
512,Quebec City,155033,https://www.tripadvisor.com/Tourism-g155033-Quebec_City_Quebec-Vacations.html
513,Bucheon,946497,https://www.tripadvisor.com/Tourism-g946497-Bucheon_Gyeonggi_do-Vacations.html
514,Ipoh,298298,https://www.tripadvisor.com/Tourism-g298298-Ipoh_Kinta_District_Perak-Vacations.html
515,Winnipeg,154954,https://www.tripadvisor.com/Tourism-g154954-Winnipeg_Manitoba-Vacations.html
516,Newcastle upon Tyne,186394,https://www.tripadvisor.com/Tourism-g186394-Newcastle_upon_Tyne_Tyne_and_Wear_England-Vacations.html
517,Thessaloniki,189473,https://www.tripadvisor.com/Tourism-g189473-Thessaloniki_Thessaloniki_Region_Central_Macedonia-Vacations.html
518,Bologna,187801,https://www.tripadvisor.com/Tourism-g187801-Bologna_Province_of_Bologna_Emilia_Romagna-Vacations.html
519,Niigata,298120,https://www.tripadvisor.com/Tourism-g298120-Niigata_Niigata_Prefecture_Koshinetsu_Chubu-Vacations.html
520,Eskisehir,319806,https://www.tripadvisor.com/Tourism-g319806-Eskisehir_Eskisehir_Province-Vacations.html
521,Sorocaba,303632,https://www.tripadvisor.com/Tourism-g303632-Sorocaba_State_of_Sao_Paulo-Vacations.html
522,Enugu,1480945,https://www.tripadvisor.com/Tourism-g1480945-Enugu_Enugu_State-Vacations.html
523,Nottingham,41296,https://www.tripadvisor.com/Tourism-g41296-Nottingham_Maryland-Vacations.html
524,Xalapa,154235,https://www.tripadvisor.com/Tourism-g154235-Xalapa_Central_Mexico_and_Gulf_Coast-Vacations.html
525,Bikaner,297666,https://www.tripadvisor.com/Tourism-g297666-Bikaner_Bikaner_District_Rajasthan-Vacations.html
526,Frankfurt,187337,https://www.tripadvisor.com/Tourism-g187337-Frankfurt_Hesse-Vacations.html
527,Nakhon Ratchasima,469414,https://www.tripadvisor.com/Tourism-g469414-Nakhon_Ratchasima_Nakhon_Ratchasima_Province-Vacations.html
528,Nakhon Ratchasima,2098196,https://www.tripadvisor.com/Tourism-g2098196-Nakhon_Ratchasima_Province-Vacations.html
529,Vereeniging,312590,https://www.tripadvisor.com/Tourism-g312590-Vereeniging_Gauteng-Vacations.html
530,Seattle,60878,https://www.tripadvisor.com/Tourism-g60878-Seattle_Washington-Vacations.html
531,Nellore,1457560,https://www.tripadvisor.com/Tourism-g1457560-Nellore_Nellore_District_Andhra_Pradesh-Vacations.html
532,Hamilton,46487,https://www.tripadvisor.com/Tourism-g46487-Hamilton_New_Jersey-Vacations.html
533,Hamilton,45202,https://www.tripadvisor.com/Tourism-g45202-Hamilton_Montana-Vacations.html
534,Hamilton,47850,https://www.tripadvisor.com/Tourism-g47850-Hamilton_New_York-Vacations.html
535,Hamilton,50414,https://www.tripadvisor.com/Tourism-g50414-Hamilton_Butler_County_Ohio-Vacations.html
536,Gebze,790199,https://www.tripadvisor.com/Tourism-g790199-Gebze_Kocaeli_Province-Vacations.html
537,Krakow,274772,https://www.tripadvisor.com/Tourism-g274772-Krakow_Lesser_Poland_Province_Southern_Poland-Vacations.html
538,Kunshan,608462,https://www.tripadvisor.com/Tourism-g608462-Kunshan_Jiangsu-Vacations.html
539,Gorakhpur,734453,https://www.tripadvisor.com/Tourism-g734453-Gorakhpur_Baghpat_District_Uttar_Pradesh-Vacations.html
540,Amravati,1156419,https://www.tripadvisor.com/Tourism-g1156419-Amravati_Amravati_District_Maharashtra-Vacations.html
541,Jincheng,13806651,https://www.tripadvisor.com/Tourism-g13806651-Jincheng_Kinmen-Vacations.html
542,Ansan,780594,https://www.tripadvisor.com/Tourism-g780594-Ansan_Gyeonggi_do-Vacations.html
543,Cuttack,1154342,https://www.tripadvisor.com/Tourism-g1154342-Cuttack_Cuttack_District_Odisha-Vacations.html
544,Denver,33388,https://www.tripadvisor.com/Tourism-g33388-Denver_Colorado-Vacations.html
545,Banjarmasin,303950,https://www.tripadvisor.com/Tourism-g303950-Banjarmasin_South_Kalimantan_Kalimantan-Vacations.html
546,Kumamoto,298213,https://www.tripadvisor.com/Tourism-g298213-Kumamoto_Kumamoto_Prefecture_Kyushu-Vacations.html
547,Kottayam,297634,https://www.tripadvisor.com/Tourism-g297634-Kottayam_Kottayam_District_Kerala-Vacations.html
548,Belgaum,737165,https://www.tripadvisor.com/Tourism-g737165-Belgaum_Belgaum_District_Karnataka-Vacations.html
549,Sheffield,41808,https://www.tripadvisor.com/Tourism-g41808-Sheffield_Massachusetts-Vacations.html
550,Sheffield,30835,https://www.tripadvisor.com/Tourism-g30835-Sheffield_Alabama-Vacations.html
551,Zaragoza,187448,https://www.tripadvisor.com/Tourism-g187448-Zaragoza_Province_of_Zaragoza_Aragon-Vacations.html
552,Zaporizhzhya,298049,https://www.tripadvisor.com/Tourism-g298049-Zaporizhzhya_Zaporizhia_Oblast-Vacations.html
553,Sao Jose dos Campos,303629,https://www.tripadvisor.com/Tourism-g303629-Sao_Jose_Dos_Campos_State_of_Sao_Paulo-Vacations.html
554,Mangalore,297630,https://www.tripadvisor.com/Tourism-g297630-Mangalore_Dakshina_Kannada_District_Karnataka-Vacations.html
555,Okayama,298134,https://www.tripadvisor.com/Tourism-g298134-Okayama_Okayama_Prefecture_Chugoku-Vacations.html
556,Ribeirao Preto,303623,https://www.tripadvisor.com/Tourism-g303623-Ribeirao_Preto_State_of_Sao_Paulo-Vacations.html
557,Lviv,295377,https://www.tripadvisor.com/Tourism-g295377-Lviv_Lviv_Oblast-Vacations.html
558,Cheongju,946499,https://www.tripadvisor.com/Tourism-g946499-Cheongju_Chungcheongbuk_do-Vacations.html
559,Sialkot,674993,https://www.tripadvisor.com/Tourism-g674993-Sialkot_Punjab_Province-Vacations.html
560,Buffalo City,6846839,https://www.tripadvisor.com/Tourism-g6846839-Buffalo_City_Wisconsin-Vacations.html
561,Washington,28968,https://www.tripadvisor.com/Tourism-g28968-Washington-Vacations.html
562,Washington,53922,https://www.tripadvisor.com/Tourism-g53922-Washington_Pennsylvania-Vacations.html
563,Washington,49644,https://www.tripadvisor.com/Tourism-g49644-Washington_North_Carolina-Vacations.html
564,Washington,56848,https://www.tripadvisor.com/Tourism-g56848-Washington_Texas-Vacations.html
565,Washington,45019,https://www.tripadvisor.com/Tourism-g45019-Washington_Missouri-Vacations.html
566,Washington,57161,https://www.tripadvisor.com/Tourism-g57161-Washington_Utah-Vacations.html
567,Washington,33961,https://www.tripadvisor.com/Tourism-g33961-Washington_Connecticut-Vacations.html
568,Bhavnagar,679050,https://www.tripadvisor.com/Tourism-g679050-Bhavnagar_Bhavnagar_District_Gujarat-Vacations.html
569,Gold Coast,255337,https://www.tripadvisor.com/Tourism-g255337-Gold_Coast_Queensland-Vacations.html
570,Florence,54229,https://www.tripadvisor.com/Tourism-g54229-Florence_South_Carolina-Vacations.html
571,Florence,39412,https://www.tripadvisor.com/Tourism-g39412-Florence_Kentucky-Vacations.html
572,Florence,51867,https://www.tripadvisor.com/Tourism-g51867-Florence_Oregon-Vacations.html
573,Jammu,1830829,https://www.tripadvisor.com/Tourism-g1830829-Jammu_Jammu_and_Kashmir-Vacations.html
574,Tirupati,297587,https://www.tripadvisor.com/Tourism-g297587-Tirupati_Chittoor_District_Andhra_Pradesh-Vacations.html
575,Bacoor,1818296,https://www.tripadvisor.com/Tourism-g1818296-Bacoor_Cavite_Province_Calabarzon_Region_Luzon-Vacations.html
576,The Hague,188633,https://www.tripadvisor.com/Tourism-g188633-The_Hague_South_Holland_Province-Vacations.html
577,Seville,187443,https://www.tripadvisor.com/Tourism-g187443-Seville_Province_of_Seville_Andalucia-Vacations.html
578,Cotonou,297314,https://www.tripadvisor.com/Tourism-g297314-Cotonou_Littoral_Department-Vacations.html
579,Tolyatti,665311,https://www.tripadvisor.com/Tourism-g665311-Tolyatti_Samara_Oblast_Volga_District-Vacations.html
580,Salta,312822,https://www.tripadvisor.com/Tourism-g312822-Salta_Province_of_Salta_Northern_Argentina-Vacations.html
581,Bali,294226,https://www.tripadvisor.com/Tourism-g294226-Bali-Vacations.html
582,Boston,60745,https://www.tripadvisor.com/Tourism-g60745-Boston_Massachusetts-Vacations.html
583,Uberlandia,303400,https://www.tripadvisor.com/Tourism-g303400-Uberlandia_State_of_Minas_Gerais-Vacations.html
584,Taif,298553,https://www.tripadvisor.com/Tourism-g298553-Taif_Makkah_Province-Vacations.html
585,Vientiane,293950,https://www.tripadvisor.com/Tourism-g293950-Vientiane_Vientiane_Prefecture-Vacations.html
586,Bristol,54917,https://www.tripadvisor.com/Tourism-g54917-Bristol_Tennessee-Vacations.html
587,Bristol,57540,https://www.tripadvisor.com/Tourism-g57540-Bristol_Virginia-Vacations.html
588,Bristol,54063,https://www.tripadvisor.com/Tourism-g54063-Bristol_Rhode_Island-Vacations.html
589,Celaya,777802,https://www.tripadvisor.com/Tourism-g777802-Celaya_Central_Mexico_and_Gulf_Coast-Vacations.html
590,Cheonan,1119868,https://www.tripadvisor.com/Tourism-g1119868-Cheonan_Chungcheongnam_do-Vacations.html
591,Jundiai,303616,https://www.tripadvisor.com/Tourism-g303616-Jundiai_State_of_Sao_Paulo-Vacations.html
592,Gulbarga,1015902,https://www.tripadvisor.com/Tourism-g1015902-Gulbarga_Kalaburagi_District_Karnataka-Vacations.html
593,Durgapur,644044,https://www.tripadvisor.com/Tourism-g644044-Durgapur_Bardhaman_District_West_Bengal-Vacations.html
594,Kurnool,1155904,https://www.tripadvisor.com/Tourism-g1155904-Kurnool_Kurnool_District_Andhra_Pradesh-Vacations.html
595,El Paso,60768,https://www.tripadvisor.com/Tourism-g60768-El_Paso_Texas-Vacations.html
596,Nantes,187198,https://www.tripadvisor.com/Tourism-g187198-Nantes_Loire_Atlantique_Pays_de_la_Loire-Vacations.html
597,Zagreb,294454,https://www.tripadvisor.com/Tourism-g294454-Zagreb_Central_Croatia-Vacations.html
598,Pontianak,317101,https://www.tripadvisor.com/Tourism-g317101-Pontianak_West_Kalimantan_Kalimantan-Vacations.html
599,Liege,188655,https://www.tripadvisor.com/Tourism-g188655-Liege_Liege_Province_The_Ardennes_Wallonia-Vacations.html
600,Nashville,55229,https://www.tripadvisor.com/Tourism-g55229-Nashville_Davidson_County_Tennessee-Vacations.html
601,Genoa,45945,https://www.tripadvisor.com/Tourism-g45945-Genoa_Nevada-Vacations.html
602,Santiago,294305,https://www.tripadvisor.com/Tourism-g294305-Santiago_Santiago_Metropolitan_Region-Vacations.html
603,Mar Del Plata,312749,https://www.tripadvisor.com/Tourism-g312749-Mar_del_Plata_Province_of_Buenos_Aires_Central_Argentina-Vacations.html
604,Tamale,479205,https://www.tripadvisor.com/Tourism-g479205-Tamale_Northern_Region-Vacations.html
605,Lodz,274837,https://www.tripadvisor.com/Tourism-g274837-Lodz_Lodz_Province_Central_Poland-Vacations.html
606,Oklahoma City,51560,https://www.tripadvisor.com/Tourism-g51560-Oklahoma_City_Oklahoma-Vacations.html
607,Lattakia,297903,https://www.tripadvisor.com/Tourism-g297903-Lattakia_Lattakia_Governorate-Vacations.html
608,Las Vegas,45963,https://www.tripadvisor.com/Tourism-g45963-Las_Vegas_Nevada-Vacations.html
609,General Santos City,317125,https://www.tripadvisor.com/Tourism-g317125-General_Santos_South_Cotabato_Province_Mindanao-Vacations.html
610,Detroit,42139,https://www.tripadvisor.com/Tourism-g42139-Detroit_Michigan-Vacations.html
611,Manama,293997,https://www.tripadvisor.com/Tourism-g293997-Manama-Vacations.html
612,Jeonju,1143545,https://www.tripadvisor.com/Tourism-g1143545-Jeonju_Jeollabuk_do-Vacations.html
613,Portland,52024,https://www.tripadvisor.com/Tourism-g52024-Portland_Oregon-Vacations.html
614,Portland,40827,https://www.tripadvisor.com/Tourism-g40827-Portland_Maine-Vacations.html
615,Samsun,298035,https://www.tripadvisor.com/Tourism-g298035-Samsun_Turkish_Black_Sea_Coast-Vacations.html
616,Denizli,297991,https://www.tripadvisor.com/Tourism-g297991-Denizli-Vacations.html
617,Busto Arsizio,608898,https://www.tripadvisor.com/Tourism-g608898-Busto_Arsizio_Province_of_Varese_Lombardy-Vacations.html
618,Tongxiang,659921,https://www.tripadvisor.com/Tourism-g659921-Tongxiang_Zhejiang-Vacations.html
619,Jhansi,679029,https://www.tripadvisor.com/Tourism-g679029-Jhansi_Uttar_Pradesh-Vacations.html
620,Izhevsk,673777,https://www.tripadvisor.com/Tourism-g673777-Izhevsk_Udmurt_Republic_Volga_District-Vacations.html
621,Memphis,55197,https://www.tripadvisor.com/Tourism-g55197-Memphis_Tennessee-Vacations.html
622,Jamnagar,297610,https://www.tripadvisor.com/Tourism-g297610-Jamnagar_Jamnagar_District_Gujarat-Vacations.html
623,Erode,1162476,https://www.tripadvisor.com/Tourism-g1162476-Erode_Erode_District_Tamil_Nadu-Vacations.html
624,Doha,294009,https://www.tripadvisor.com/Tourism-g294009-Doha-Vacations.html
625,Chiclayo,298439,https://www.tripadvisor.com/Tourism-g298439-Chiclayo_Lambayeque_Region-Vacations.html
626,Sanya,297427,https://www.tripadvisor.com/Tourism-g297427-Sanya_Hainan-Vacations.html
627,Durango,33397,https://www.tripadvisor.com/Tourism-g33397-Durango_Colorado-Vacations.html
628,Wroclaw,274812,https://www.tripadvisor.com/Tourism-g274812-Wroclaw_Lower_Silesia_Province_Southern_Poland-Vacations.html
629,Irkutsk,298527,https://www.tripadvisor.com/Tourism-g298527-Irkutsk_Irkutsk_Oblast_Siberian_District-Vacations.html
630,Barnaul,737147,https://www.tripadvisor.com/Tourism-g737147-Barnaul_Altai_Krai_Siberian_District-Vacations.html
631,Bulawayo,298091,https://www.tripadvisor.com/Tourism-g298091-Bulawayo_Bulawayo_Province-Vacations.html
632,Jambi,297724,https://www.tripadvisor.com/Tourism-g297724-Jambi_Jambi_Province_Sumatra-Vacations.html
633,Khabarovsk,298493,https://www.tripadvisor.com/Tourism-g298493-Khabarovsk_Khabarovsk_Krai_Far_Eastern_District-Vacations.html
634,Duesseldorf,187373,https://www.tripadvisor.com/Tourism-g187373-Dusseldorf_North_Rhine_Westphalia-Vacations.html
635,Belfast,40508,https://www.tripadvisor.com/Tourism-g40508-Belfast_Maine-Vacations.html
636,Stuttgart,31942,https://www.tripadvisor.com/Tourism-g31942-Stuttgart_Arkansas-Vacations.html
637,Verona,48775,https://www.tripadvisor.com/Tourism-g48775-Verona_New_York-Vacations.html
638,Verona,60349,https://www.tripadvisor.com/Tourism-g60349-Verona_Wisconsin-Vacations.html
639,Riga,274967,https://www.tripadvisor.com/Tourism-g274967-Riga_Riga_Region-Vacations.html
640,Kolhapur,737166,https://www.tripadvisor.com/Tourism-g737166-Kolhapur_Kolhapur_District_Maharashtra-Vacations.html
641,Bacolod,298464,https://www.tripadvisor.com/Tourism-g298464-Bacolod_Negros_Occidental_Negros_Island_Visayas-Vacations.html
642,Seregno,1079940,https://www.tripadvisor.com/Tourism-g1079940-Seregno_Province_of_Monza_and_Brianza_Lombardy-Vacations.html
643,Ulyanovsk,298522,https://www.tripadvisor.com/Tourism-g298522-Ulyanovsk_Ulyanovsk_Oblast_Volga_District-Vacations.html
644,Al-Ain,298061,https://www.tripadvisor.com/Tourism-g298061-Al_Ain_Emirate_of_Abu_Dhabi-Vacations.html
645,Bari,187874,https://www.tripadvisor.com/Tourism-g187874-Bari_Province_of_Bari_Puglia-Vacations.html
646,Ajmer,317096,https://www.tripadvisor.com/Tourism-g317096-Ajmer_Ajmer_District_Rajasthan-Vacations.html
647,Kuching,298309,https://www.tripadvisor.com/Tourism-g298309-Kuching_Sarawak-Vacations.html
648,Bissau,293801,https://www.tripadvisor.com/Tourism-g293801-Bissau-Vacations.html
649,Geneva,47777,https://www.tripadvisor.com/Tourism-g47777-Geneva_Finger_Lakes_New_York-Vacations.html
650,Geneva,36031,https://www.tripadvisor.com/Tourism-g36031-Geneva_Illinois-Vacations.html
651,Geneva,50369,https://www.tripadvisor.com/Tourism-g50369-Geneva_Ohio-Vacations.html
652,Colombo,293962,https://www.tripadvisor.com/Tourism-g293962-Colombo_Western_Province-Vacations.html
653,Ujjain,679024,https://www.tripadvisor.com/Tourism-g679024-Ujjain_Ujjain_District_Madhya_Pradesh-Vacations.html
654,Gothenburg,45590,https://www.tripadvisor.com/Tourism-g45590-Gothenburg_Nebraska-Vacations.html
655,Patiala,659325,https://www.tripadvisor.com/Tourism-g659325-Patiala_Patialar_District_Punjab-Vacations.html
656,Bilaspur,2290598,https://www.tripadvisor.com/Tourism-g2290598-Bilaspur_Bilaspur_District_Chhattisgarh-Vacations.html
657,Louisville,39604,https://www.tripadvisor.com/Tourism-g39604-Louisville_Kentucky-Vacations.html
658,Yaroslavl,298488,https://www.tripadvisor.com/Tourism-g298488-Yaroslavl_Yaroslavl_Oblast_Central_Russia-Vacations.html
659,Brighton,42016,https://www.tripadvisor.com/Tourism-g42016-Brighton_Michigan-Vacations.html
660,Brighton,33329,https://www.tripadvisor.com/Tourism-g33329-Brighton_Colorado-Vacations.html
661,Feira De Santana,1747465,https://www.tripadvisor.com/Tourism-g1747465-Feira_de_Santana_State_of_Bahia-Vacations.html
662,Vladivostok,298496,https://www.tripadvisor.com/Tourism-g298496-Vladivostok_Primorsky_Krai_Far_Eastern_District-Vacations.html
663,Tlaxcala,499425,https://www.tripadvisor.com/Tourism-g499425-Tlaxcala_Central_Mexico_and_Gulf_Coast-Vacations.html
664,Calabar,671512,https://www.tripadvisor.com/Tourism-g671512-Calabar_Cross_River_State-Vacations.html
665,Mathura,297688,https://www.tripadvisor.com/Tourism-g297688-Mathura_Mathura_District_Uttar_Pradesh-Vacations.html
666,Skopje,295110,https://www.tripadvisor.com/Tourism-g295110-Skopje_Skopje_Region-Vacations.html
667,Makhachkala,1600258,https://www.tripadvisor.com/Tourism-g1600258-Makhachkala_Republic_of_Dagestan_North_Caucasian_District-Vacations.html
668,Tomsk,665310,https://www.tripadvisor.com/Tourism-g665310-Tomsk_Tomsk_Oblast_Siberian_District-Vacations.html
669,Sanliurfa,652373,https://www.tripadvisor.com/Tourism-g652373-Sanliurfa_Sanliurfa_Province-Vacations.html
670,Leipzig,187400,https://www.tripadvisor.com/Tourism-g187400-Leipzig_Saxony-Vacations.html
671,Agartala,1028662,https://www.tripadvisor.com/Tourism-g1028662-Agartala_West_Tripura_District_Tripura-Vacations.html
672,Imphal,668045,https://www.tripadvisor.com/Tourism-g668045-Imphal_Imphal_West_District_Manipur-Vacations.html
673,Kingston,48003,https://www.tripadvisor.com/Tourism-g48003-Kingston_Catskill_Region_New_York-Vacations.html
674,Sangli,1162197,https://www.tripadvisor.com/Tourism-g1162197-Sangli_Sangli_District_Maharashtra-Vacations.html
675,Cuiaba,488170,https://www.tripadvisor.com/Tourism-g488170-Cuiaba_State_of_Mato_Grosso-Vacations.html
676,Samarkand,298068,https://www.tripadvisor.com/Tourism-g298068-Samarkand_Samarqand_Province-Vacations.html
677,Malaga,187438,https://www.tripadvisor.com/Tourism-g187438-Malaga_Costa_del_Sol_Province_of_Malaga_Andalucia-Vacations.html
678,Ibague,297477,https://www.tripadvisor.com/Tourism-g297477-Ibague_Tolima_Department-Vacations.html
679,Dortmund,187372,https://www.tripadvisor.com/Tourism-g187372-Dortmund_North_Rhine_Westphalia-Vacations.html
680,Kagoshima,298211,https://www.tripadvisor.com/Tourism-g298211-Kagoshima_Kagoshima_Prefecture_Kyushu-Vacations.html
681,Milwaukee,60097,https://www.tripadvisor.com/Tourism-g60097-Milwaukee_Wisconsin-Vacations.html
682,Catania,187888,https://www.tripadvisor.com/Tourism-g187888-Catania_Province_of_Catania_Sicily-Vacations.html
683,Beira,298353,https://www.tripadvisor.com/Tourism-g298353-Beira_Sofala_Province-Vacations.html
684,Djibouti,293787,https://www.tripadvisor.com/Tourism-g293787-Djibouti-Vacations.html
685,Djibouti,293786,https://www.tripadvisor.com/Tourism-g293786-Djibouti-Vacations.html
686,Essen,187375,https://www.tripadvisor.com/Tourism-g187375-Essen_North_Rhine_Westphalia-Vacations.html
687,Toulon,187257,https://www.tripadvisor.com/Tourism-g187257-Toulon_Var_Provence_Alpes_Cote_d_Azur-Vacations.html
688,Dresden,50284,https://www.tripadvisor.com/Tourism-g50284-Dresden_Ohio-Vacations.html
689,Juiz De Fora,887228,https://www.tripadvisor.com/Tourism-g887228-Juiz_de_Fora_State_of_Minas_Gerais-Vacations.html
690,Juiz De Fora,9856044,https://www.tripadvisor.com/Tourism-g9856044-Taipus_de_Fora_Marau_State_of_Bahia-Vacations.html
691,Pereira,297479,https://www.tripadvisor.com/Tourism-g297479-Pereira_Risaralda_Department-Vacations.html
692,Udaipur,297672,https://www.tripadvisor.com/Tourism-g297672-Udaipur_Udaipur_District_Rajasthan-Vacations.html
693,Vellore,1152780,https://www.tripadvisor.com/Tourism-g1152780-Vellore_Vellore_District_Tamil_Nadu-Vacations.html
694,Bloemfontein,312564,https://www.tripadvisor.com/Tourism-g312564-Bloemfontein_Free_State-Vacations.html
695,Udon Thani,297939,https://www.tripadvisor.com/Tourism-g297939-Udon_Thani_Udon_Thani_Province-Vacations.html
696,Gaya,734456,https://www.tripadvisor.com/Tourism-g734456-Gaya_Gaya_District_Bihar-Vacations.html
697,Baltimore,60811,https://www.tripadvisor.com/Tourism-g60811-Baltimore_Maryland-Vacations.html
698,Yazd,303962,https://www.tripadvisor.com/Tourism-g303962-Yazd_Yazd_Province-Vacations.html
699,Tirunelveli,1584851,https://www.tripadvisor.com/Tourism-g1584851-Tirunelveli_Tirunelveli_District_Tamil_Nadu-Vacations.html
700,Matamoros,499436,https://www.tripadvisor.com/Tourism-g499436-Matamoros_Northern_Mexico-Vacations.html
701,Kitchener,181747,https://www.tripadvisor.com/Tourism-g181747-Kitchener_Region_of_Waterloo_Ontario-Vacations.html
702,Oujda,298351,https://www.tripadvisor.com/Tourism-g298351-Oujda_Oriental-Vacations.html
703,Santa Fe,60958,https://www.tripadvisor.com/Tourism-g60958-Santa_Fe_New_Mexico-Vacations.html
704,Cuito,294308,https://www.tripadvisor.com/Tourism-g294308-Quito_Pichincha_Province-Vacations.html
705,Orenburg,1833098,https://www.tripadvisor.com/Tourism-g1833098-Orenburg_Orenburg_Oblast_Volga_District-Vacations.html
706,Kemerovo,811326,https://www.tripadvisor.com/Tourism-g811326-Kemerovo_Kemerovo_Oblast_Siberian_District-Vacations.html
707,Bremen,34793,https://www.tripadvisor.com/Tourism-g34793-Bremen_Georgia-Vacations.html
708,Karbala,659513,https://www.tripadvisor.com/Tourism-g659513-Karbala_Karbala_Province-Vacations.html
709,Anyang,1138012,https://www.tripadvisor.com/Tourism-g1138012-Anyang_Gyeonggi_do-Vacations.html
710,Kota Kinabalu,298307,https://www.tripadvisor.com/Tourism-g298307-Kota_Kinabalu_Kota_Kinabalu_District_West_Coast_Division_Sabah-Vacations.html
711,Basel,188049,https://www.tripadvisor.com/Tourism-g188049-Basel-Vacations.html
712,Gomel,297309,https://www.tripadvisor.com/Tourism-g297309-Gomel_Gomel_Region-Vacations.html
713,Albuquerque,60933,https://www.tripadvisor.com/Tourism-g60933-Albuquerque_New_Mexico-Vacations.html
714,Meknes,293735,https://www.tripadvisor.com/Tourism-g293735-Meknes_Fes_Meknes-Vacations.html
715,Panipat,1584808,https://www.tripadvisor.com/Tourism-g1584808-Panipat_Panipat_District_Haryana-Vacations.html
716,Kahramanmaras,1221508,https://www.tripadvisor.com/Tourism-g1221508-Kahramanmaras_Kahramanmaras_Province-Vacations.html
717,Tepic,499444,https://www.tripadvisor.com/Tourism-g499444-Tepic_Pacific_Coast-Vacations.html
718,Chiang Rai,297920,https://www.tripadvisor.com/Tourism-g297920-Chiang_Rai_Chiang_Rai_Province-Vacations.html
719,Leicester,49282,https://www.tripadvisor.com/Tourism-g49282-Leicester_North_Carolina-Vacations.html
720,Ndola,479764,https://www.tripadvisor.com/Tourism-g479764-Ndola_Copperbelt_Province-Vacations.html
721,Tucson,60950,https://www.tripadvisor.com/Tourism-g60950-Tucson_Arizona-Vacations.html
722,Villavicencio,676523,https://www.tripadvisor.com/Tourism-g676523-Villavicencio_Meta_Department-Vacations.html
723,Sakarya,7719378,https://www.tripadvisor.com/Tourism-g7719378-Sakarya_Sakarya_Province-Vacations.html
724,Utrecht,188616,https://www.tripadvisor.com/Tourism-g188616-Utrecht-Vacations.html
725,Rajahmundry,1155908,https://www.tripadvisor.com/Tourism-g1155908-Rajahmundry_East_Godavari_District_Andhra_Pradesh-Vacations.html
726,Novokuznetsk,799518,https://www.tripadvisor.com/Tourism-g799518-Novokuznetsk_Kemerovo_Oblast_Siberian_District-Vacations.html
727,Valledupar,1009235,https://www.tripadvisor.com/Tourism-g1009235-Valledupar_Cesar_Department-Vacations.html
728,Rayong,297935,https://www.tripadvisor.com/Tourism-g297935-Rayong_Rayong_Province-Vacations.html
729,Port of Spain,147389,https://www.tripadvisor.com/Tourism-g147389-Port_of_Spain_Trinidad_Trinidad_and_Tobago-Vacations.html
730,Kerman,32555,https://www.tripadvisor.com/Tourism-g32555-Kerman_California-Vacations.html
731,Abeokuta,1760497,https://www.tripadvisor.com/Tourism-g1760497-Abeokuta_Ogun_State-Vacations.html
732,Yongkang,13808624,https://www.tripadvisor.com/Tourism-g13808624-Yongkang_Tainan-Vacations.html
733,Edinburgh,37080,https://www.tripadvisor.com/Tourism-g37080-Edinburgh_Indiana-Vacations.html
734,San Juan,58727,https://www.tripadvisor.com/Tourism-g58727-San_Juan_Islands_Washington-Vacations.html
735,San Juan,1441879,https://www.tripadvisor.com/Tourism-g1441879-San_Juan_Island_San_Juan_Islands_Washington-Vacations.html
736,Ryazan,298485,https://www.tripadvisor.com/Tourism-g298485-Ryazan_Ryazan_Oblast_Central_Russia-Vacations.html
737,Vilnius,274951,https://www.tripadvisor.com/Tourism-g274951-Vilnius_Vilnius_County-Vacations.html
738,Taishan,1152552,https://www.tripadvisor.com/Tourism-g1152552-Taishan_Guangdong-Vacations.html
739,Calamba,1177882,https://www.tripadvisor.com/Tourism-g1177882-Calamba_Laguna_Province_Calabarzon_Region_Luzon-Vacations.html
740,Mesa,31281,https://www.tripadvisor.com/Tourism-g31281-Mesa_Arizona-Vacations.html
741,Hannover,187351,https://www.tripadvisor.com/Tourism-g187351-Hannover_Lower_Saxony-Vacations.html
742,Fresno,32414,https://www.tripadvisor.com/Tourism-g32414-Fresno_California-Vacations.html
743,Astrakhan,298513,https://www.tripadvisor.com/Tourism-g298513-Astrakhan_Astrakhan_Oblast_Southern_District-Vacations.html
744,Santa Marta,297484,https://www.tripadvisor.com/Tourism-g297484-Santa_Marta_Santa_Marta_Municipality_Magdalena_Department-Vacations.html
745,Ambon,608477,https://www.tripadvisor.com/Tourism-g608477-Ambon_Maluku_Islands-Vacations.html
746,Bellary,1731271,https://www.tripadvisor.com/Tourism-g1731271-Bellary_Bellary_District_Karnataka-Vacations.html
747,Pietermaritzburg,312603,https://www.tripadvisor.com/Tourism-g312603-Pietermaritzburg_KwaZulu_Natal-Vacations.html
748,Rustenburg,312651,https://www.tripadvisor.com/Tourism-g312651-Rustenburg_North_West_Province-Vacations.html
749,Dali,303781,https://www.tripadvisor.com/Tourism-g303781-Dali_Dali_Bai_Autonomous_Prefecture_Yunnan-Vacations.html
750,Grenoble,187264,https://www.tripadvisor.com/Tourism-g187264-Grenoble_Isere_Auvergne_Rhone_Alpes-Vacations.html
751,Puerto Vallarta,150793,https://www.tripadvisor.com/Tourism-g150793-Puerto_Vallarta-Vacations.html
752,Balashikha,1816521,https://www.tripadvisor.com/Tourism-g1816521-Balashikha_Balashikha_Urban_District_Moscow_Oblast_Central_Russia-Vacations.html
753,Angeles City,469410,https://www.tripadvisor.com/Tourism-g469410-Angeles_City_Pampanga_Province_Central_Luzon_Region_Luzon-Vacations.html
754,Hosur,1102838,https://www.tripadvisor.com/Tourism-g1102838-Hosur_Krishnagiri_District_Tamil_Nadu-Vacations.html
755,Poznan,274847,https://www.tripadvisor.com/Tourism-g274847-Poznan_Greater_Poland_Province_Central_Poland-Vacations.html
756,Van,56810,https://www.tripadvisor.com/Tourism-g56810-Van_Texas-Vacations.html
757,Vale do Aco,2628648,https://www.tripadvisor.com/Tourism-g2628648-Vale_do_Paraiba_State_of_Sao_Paulo-Vacations.html
758,Cuautla Morelos,777811,https://www.tripadvisor.com/Tourism-g777811-Cuautla_Central_Mexico_and_Gulf_Coast-Vacations.html
759,Sacramento,32999,https://www.tripadvisor.com/Tourism-g32999-Sacramento_California-Vacations.html
760,Atlanta,60898,https://www.tripadvisor.com/Tourism-g60898-Atlanta_Georgia-Vacations.html
761,Loum,445035,https://www.tripadvisor.com/Tourism-g445035-Lom_Oppland_Eastern_Norway-Vacations.html
762,Kakinada,1584832,https://www.tripadvisor.com/Tourism-g1584832-Kakinada_East_Godavari_District_Andhra_Pradesh-Vacations.html
763,Penza,735999,https://www.tripadvisor.com/Tourism-g735999-Penza_Penza_Oblast_Volga_District-Vacations.html
764,Utsunomiya,298183,https://www.tripadvisor.com/Tourism-g298183-Utsunomiya_Tochigi_Prefecture_Kanto-Vacations.html
765,Porto Velho,737097,https://www.tripadvisor.com/Tourism-g737097-Porto_Velho_State_of_Rondonia-Vacations.html
766,Duisburg,187374,https://www.tripadvisor.com/Tourism-g187374-Duisburg_North_Rhine_Westphalia-Vacations.html
767,Nakhon Pathom,303914,https://www.tripadvisor.com/Tourism-g303914-Nakhon_Pathom_Nakhon_Pathom_Province-Vacations.html
768,Mataram,297734,https://www.tripadvisor.com/Tourism-g297734-Mataram_Lombok_West_Nusa_Tenggara-Vacations.html
769,Zinder,40251,https://www.tripadvisor.com/Tourism-g40251-Kinder_Louisiana-Vacations.html
770,Zinder,35371,https://www.tripadvisor.com/Tourism-g35371-Winder_Georgia-Vacations.html
771,Kirov,1380981,https://www.tripadvisor.com/Tourism-g1380981-Kirov_Kirov_Oblast_Volga_District-Vacations.html
772,Kuantan,298296,https://www.tripadvisor.com/Tourism-g298296-Kuantan_Kuantan_District_Pahang-Vacations.html
773,Bournemouth,186262,https://www.tripadvisor.com/Tourism-g186262-Bournemouth_Dorset_England-Vacations.html
774,Khon-Kaen,297926,https://www.tripadvisor.com/Tourism-g297926-Khon_Kaen_Khon_Kaen_Province-Vacations.html
775,Cheboksary,298481,https://www.tripadvisor.com/Tourism-g298481-Cheboksary_Chuvash_Republic_Volga_District-Vacations.html
776,Matsuyama,298230,https://www.tripadvisor.com/Tourism-g298230-Matsuyama_Ehime_Prefecture_Shikoku-Vacations.html
777,Tanta,668545,https://www.tripadvisor.com/Tourism-g668545-Tanta_Gharbia_Governorate-Vacations.html
778,Lipetsk,798123,https://www.tripadvisor.com/Tourism-g798123-Lipetsk_Lipetsk_Oblast_Central_Russia-Vacations.html
779,Karaganda,608513,https://www.tripadvisor.com/Tourism-g608513-Karaganda_Karagandy_Province-Vacations.html
780,Arusha,297913,https://www.tripadvisor.com/Tourism-g297913-Arusha_Arusha_Region-Vacations.html
781,Murcia,187518,https://www.tripadvisor.com/Tourism-g187518-Murcia-Vacations.html
782,Malatya,298018,https://www.tripadvisor.com/Tourism-g298018-Malatya-Vacations.html
783,Tirana,294446,https://www.tripadvisor.com/Tourism-g294446-Tirana_Tirana_County-Vacations.html
784,Surat Thani,297917,https://www.tripadvisor.com/Tourism-g297917-Surat_Thani_Surat_Thani_Province-Vacations.html
785,Surat Thani,2099231,https://www.tripadvisor.com/Tourism-g2099231-Surat_Thani_Province-Vacations.html
786,Kansas City,44535,https://www.tripadvisor.com/Tourism-g44535-Kansas_City_Missouri-Vacations.html
788,无棣,1795759,https://www.tripadvisor.cn/Tourism-g1795759-Wudi_County_Shandong-Vacations.html
789,dezhou,1017006,https://www.tripadvisor.cn/Tourism-g1017006-Dezhou_Shandong-Vacations.html
790,leling,1152489,https://www.tripadvisor.cn/Tourism-g1152489-Leling_Shandong-Vacations.html
791,dezhou,1017006,https://www.tripadvisor.cn/Tourism-g1017006-Dezhou_Shandong-Vacations.html
792,德州,1017006,https://www.tripadvisor.cn/Tourism-g1017006-Dezhou_Shandong-Vacations.html
793,leling,1152489,https://www.tripadvisor.cn/Tourism-g1152489-Leling_Shandong-Vacations.html
794,qingyun,1459358,https://www.tripadvisor.cn/Tourism-g1459358-Qingyun_County_Shandong-Vacations.html
795,庆云,1459358,https://www.tripadvisor.cn/Tourism-g1459358-Qingyun_County_Shandong-Vacations.html
796,济南,297457,https://www.tripadvisor.cn/Tourism-g297457-Jinan_Shandong-Vacations.html
797,泰安,303761,https://www.tripadvisor.cn/Tourism-g303761-Tai_an_Shandong-Vacations.html
798,大理,303781,https://www.tripadvisor.cn/Tourism-g303781-Dali_Dali_Bai_Autonomous_Prefecture_Yunnan-Vacations.html
799,Guanghan,1152585,https://www.tripadvisor.cn/Tourism-g1152585-Guanghan_Sichuan-Vacations.html
800,Shilin,1748704,https://www.tripadvisor.cn/Tourism-g1748704-Shilin_County_Yunnan-Vacations.html
801,Jianshui,528740,https://www.tripadvisor.cn/Tourism-g528740-Jianshui_County_Honghe_Hani_and_Yi_Autonomous_Prefecture_Yunnan-Vacations.html
1169,元阳,1410718,https://www.tripadvisor.cn/Tourism-g1410718-Yuanyang_County_Honghe_Hani_and_Yi_Autonomous_Prefecture_Yunnan-Vacations.html
1170,普洱,946447,https://www.tripadvisor.cn/Tourism-g946447-Pu_er_Yunnan-Vacations.html
1171,三亚,297427,https://www.tripadvisor.cn/Tourism-g297427-Sanya_Hainan-Vacations.html
